codon	freq
TTT	22.35
TCT	 8.72
TAT	16.39
TGT	 5.38
TTC	16.17
TCC	 8.89
TAC	12.19
TGC	 6.57
TTA	13.89
TCA	 7.82
TAA	 2.19
TGA	 1.32
TTG	13.39
TCG	 8.87
TAG	0.32
TGG	15.34
CTT	11.46
CCT	7.31
CAT	12.85
CGT	20.45
CTC	10.91
CCC	 5.67
CAC	 9.52
CGC	21.39
CTA	 3.98
CCA	 8.53
CAA	15.05
CGA	 3.85
CTG	51.40
CCG	22.51
CAG	29.07
CGG	 6.00
ATT	29.95
ACT	 9.09
AAT	18.35
AGT	 9.18
ATC	24.44
ACC	22.75
AAC	21.48
AGC	15.95
ATA	 5.12
ACA	 7.86
AAA	33.78
AGA	 2.67
ATG	27.44
ACG	14.58
AAG	10.84
AGG	 1.70
GTT	18.33
GCT	15.54
GAT	32.13
GGT	24.27
GTC	15.02
GCC	25.33
GAC	19.05
GGC	28.47
GTA	10.96
GCA	20.60
GAA	39.10
GGA	 8.60
GTG	25.72
GCG	32.46
GAG	18.14
GGG	11.36

