full_seq,aroB_pf5_uref100_seq,infA_pf5_uref100_seq,aroB_pf5_uref100_psls,infA_pf5_uref100_psls,ERP
atgcaggatggcgagcgcagctacccgattcacattggtgaaggtctgttggaccagcccgagctgctggtgccgcatatcgccgggcggcaagtggcgatcatttccaatgagaccgtcgcgccgctttaccttgagcgtctgacccgcagcctggggcagttctcggtgatctcggtggttctgcccgatggcgaggcctacaagaactgggaaacgctgcagttgatcttcgatggcctgctcactgctcgccacgatcgacgcactaccatcatcgccctcggtggcggcgtgatcggtgatatggccggctttgccgcggcctgctaccagcggggcgtggatttcatccagattcctaccaccctcctgtcccaggtggactcttcggtgggtggcaagaccggtatcaaccacccgctgggcaagaacatggtcggcgccttctaccagccgaacgtggtgctgatcgataccaccagccttaacaccctgcccagccgcgagctgtcggcaggtctggcggaagtgatcaagtacggcctgatctgcgacgagcccttccttacctggctggaagagaacgtcgaccgcctgcgggccctggaccagcaggccctgacttacgccatcgagcgctcctgtgcggccaaggccgcggtggtgggtgccgacgaacgtgaatcgggagtgcgggccaccctcaacctggggcataccttcggccacgccatcgaaacccacatggggtacggtgtgtggctgcacggtgaggcggtggctgctggcaccgtaatggcccatGATGCCTCAAGGAGGCTTGGTTGGATCTCGGACGCTGACCGTGATAGGGTCATCCGCCTACTTGAGCGAGCTGGCCTCCCGGTTGTCCCTCCGGCCATGGGTGCGGAGGACTTCCTCAGGCACATGGCTGTGGATAAGAAGGTCCTCGACGGTCGTCTTAGGCTTGTCCTCCTTCGACGACTCGGAGAGGCGGTTGTTACTGCGGACTTGAcgaaagaggttttacaggccacgctgggaaaaggt,MQ----D-GERSYPIHIGEGLLDQPELLVPHIAGRQVAIISNETVAPLYLERLTRSLGQFSVISVVLPDGEAYKNWETLQLIFDGLLTARHDRRTTIIALGGGVIGDMAGFAAACYQRGVDFIQIPTTLLSQVDSSVGGKTGINHPLGKNMVGAFYQPNVVLIDTTSLNTLPSRELSAGLAEVIKYGLICDEPFLTWLEENVDRLRALDQQALTYAIERSCAAKAAVVGADERESGVRATLNLGHTFGHAIETHMGYGVWLHGEAVAAGTVMAHDASRRLGWISDADRDRVIRLLERAGLPVVPPA-MGAEDFLRHMAVDKKVLDGRLRLVLLRRLGEAVVTADLTKEVLQATLGKG---------,M--PQGGLVGSRTLTVIGSSAYLSELASRLSLRPWVRRTSSGTWLWIRRSSTVVLGLSSFDDSERRLLLRT-,-27.867860000000007,158.92667600000001,0.7664
atgcaggatggcgagcgcagctacccgattcacattggtgaaggtctgttggaccagcccgagctgctggtgccgcatatcgccgggcggcaagtggcgatcatttccaatgagaccgtcgcgccgctttaccttgagcgtctgacccgcagcctggggcagttctcggtgatctcggtggttctgcccgatggcgaggcctacaagaactgggaaacgctgcagttgatcttcgatggcctgctcactgctcgccacgatcgacgcactaccatcatcgccctcggtggcggcgtgatcggtgatatggccggctttgccgcggcctgctaccagcggggcgtggatttcatccagattcctaccaccctcctgtcccaggtggactcttcggtgggtggcaagaccggtatcaaccacccgctgggcaagaacatggtcggcgccttctaccagccgaacgtggtgctgatcgataccaccagccttaacaccctgcccagccgcgagctgtcggcaggtctggcggaagtgatcaagtacggcctgatctgcgacgagcccttccttacctggctggaagagaacgtcgaccgcctgcgggccctggaccagcaggccctgacttacgccatcgagcgctcctgtgcggccaaggccgcggtggtgggtgccgacgaacgtgaatcgggagtgcgggccaccctcaacctggggcataccttcggccacgccatcgaaacccacatggggtacggtgtgtggctgcacggtgaggcggtggctgctggcaccgtaatggcccatGATGTCTCAAGGAGGCTTGGTTGGATCTCGGACGCTGACCGTGATAGGGTCATCCGCCTACTTGAGCGAGCTGGCCTCCCGGTTGTCCCTCCGGCCCTCAGTGCGGAGGACTTCCTCGAGCACATGGCTGTGGATAAGAAGGTACTCGACGGTCGTCTTAGGCTTGTCCTCCTCAAAGGACTCGGAGAGGCGGTTGTTACTGCGGACGTAAcgaaagaggttttacaggccacgctgggaaaaggt,MQ----D-GERSYPIHIGEGLLDQPELLVPHIAGRQVAIISNETVAPLYLERLTRSLGQFSVISVVLPDGEAYKNWETLQLIFDGLLTARHDRRTTIIALGGGVIGDMAGFAAACYQRGVDFIQIPTTLLSQVDSSVGGKTGINHPLGKNMVGAFYQPNVVLIDTTSLNTLPSRELSAGLAEVIKYGLICDEPFLTWLEENVDRLRALDQQALTYAIERSCAAKAAVVGADERESGVRATLNLGHTFGHAIETHMGYGVWLHGEAVAAGTVMAHDVSRRLGWISDADRDRVIRLLERAGLPVVPPA-LSAEDFLEHMAVDKKVLDGRLRLVLLKGLGEAVVTADVTKEVLQATLGKG---------,M--SQGGLVGSRTLTVIGSSAYLSELASRLSLRPSVRRTSSSTWLWIRRYSTVVLGLSSSKDSERRLLLRT-,-25.826840000000004,163.066776,0.7664
atgcaggatggcgagcgcagctacccgattcacattggtgaaggtctgttggaccagcccgagctgctggtgccgcatatcgccgggcggcaagtggcgatcatttccaatgagaccgtcgcgccgctttaccttgagcgtctgacccgcagcctggggcagttctcggtgatctcggtggttctgcccgatggcgaggcctacaagaactgggaaacgctgcagttgatcttcgatggcctgctcactgctcgccacgatcgacgcactaccatcatcgccctcggtggcggcgtgatcggtgatatggccggctttgccgcggcctgctaccagcggggcgtggatttcatccagattcctaccaccctcctgtcccaggtggactcttcggtgggtggcaagaccggtatcaaccacccgctgggcaagaacatggtcggcgccttctaccagccgaacgtggtgctgatcgataccaccagccttaacaccctgcccagccgcgagctgtcggcaggtctggcggaagtgatcaagtacggcctgatctgcgacgagcccttccttacctggctggaagagaacgtcgaccgcctgcgggccctggaccagcaggccctgacttacgccatcgagcgctcctgtgcggccaaggccgcggtggtgggtgccgacgaacgtgaatcgggagtgcgggccaccctcaacctggggcataccttcggccacgccatcgaaacccacatggggtacggtgtgtggctgcacggtgaggcggtggctgctggcaccgtaatggcccatGATGTCAGCAGAAGGCTTGGTTGGATCTCGGACGCTGACCGTGATAGGGTCATCCGCCTACTTGAGCGAGCTGGCCTCCCGGTCGTCCCTCCGGCCATGTCTGCGGAGGACTTCCTCAGACACATGGCTGTGGACAAGAAGGTCCTCGACGGTCGTCTTAGGCTTGTCCTCCTTCGACGACTCGGTGAGGCGGTTGTTACTGCGGATGTGAcgaaagaggttttacaggccacgctgggaaaaggt,MQ----D-GERSYPIHIGEGLLDQPELLVPHIAGRQVAIISNETVAPLYLERLTRSLGQFSVISVVLPDGEAYKNWETLQLIFDGLLTARHDRRTTIIALGGGVIGDMAGFAAACYQRGVDFIQIPTTLLSQVDSSVGGKTGINHPLGKNMVGAFYQPNVVLIDTTSLNTLPSRELSAGLAEVIKYGLICDEPFLTWLEENVDRLRALDQQALTYAIERSCAAKAAVVGADERESGVRATLNLGHTFGHAIETHMGYGVWLHGEAVAAGTVMAHDVSRRLGWISDADRDRVIRLLERAGLPVVPPA-MSAEDFLRHMAVDKKVLDGRLRLVLLRRLGEAVVTADVTKEVLQATLGKG---------,M--SAEGLVGSRTLTVIGSSAYLSELASRSSLRPCLRRTSSDTWLWTRRSSTVVLGLSSFDDSVRRLLLRM-,-29.405100000000004,163.261756,0.7664
atgcaggatggcgagcgcagctacccgattcacattggtgaaggtctgttggaccagcccgagctgctggtgccgcatatcgccgggcggcaagtggcgatcatttccaatgagaccgtcgcgccgctttaccttgagcgtctgacccgcagcctggggcagttctcggtgatctcggtggttctgcccgatggcgaggcctacaagaactgggaaacgctgcagttgatcttcgatggcctgctcactgctcgccacgatcgacgcactaccatcatcgccctcggtggcggcgtgatcggtgatatggccggctttgccgcggcctgctaccagcggggcgtggatttcatccagattcctaccaccctcctgtcccaggtggactcttcggtgggtggcaagaccggtatcaaccacccgctgggcaagaacatggtcggcgccttctaccagccgaacgtggtgctgatcgataccaccagccttaacaccctgcccagccgcgagctgtcggcaggtctggcggaagtgatcaagtacggcctgatctgcgacgagcccttccttacctggctggaagagaacgtcgaccgcctgcgggccctggaccagcaggccctgacttacgccatcgagcgctcctgtgcggccaaggccgcggtggtgggtgccgacgaacgtgaatcgggagtgcgggccaccctcaacctggggcataccttcggccacgccatcgaaacccacatggggtacggtgtgtggctgcacggtgaggcggtggctgctggcaccgtaatggcccatGATGCCTCAAGGAGGCTTGGTTGGCTGTCGGACGCTGACCGTGATAGGGTCATCCGCCTACTTGAGCGAGCTGGCCTCCCGGTTGTCCCTCCGGCCATGGGTGCGGAGAGGTTCCTCGAGCACATGGCTGTGGATAAGAAGGTCCTCGACGGTCGTCTTAGGCTTGTCCTCCTTCGACGACTCGGAGAGGCGGTTGTTACTGCGGACCTGAcgaaagaggttttacaggccacgctgggaaaaggt,MQ----D-GERSYPIHIGEGLLDQPELLVPHIAGRQVAIISNETVAPLYLERLTRSLGQFSVISVVLPDGEAYKNWETLQLIFDGLLTARHDRRTTIIALGGGVIGDMAGFAAACYQRGVDFIQIPTTLLSQVDSSVGGKTGINHPLGKNMVGAFYQPNVVLIDTTSLNTLPSRELSAGLAEVIKYGLICDEPFLTWLEENVDRLRALDQQALTYAIERSCAAKAAVVGADERESGVRATLNLGHTFGHAIETHMGYGVWLHGEAVAAGTVMAHDASRRLGWLSDADRDRVIRLLERAGLPVVPPA-MGAERFLEHMAVDKKVLDGRLRLVLLRRLGEAVVTADLTKEVLQATLGKG---------,M--PQGGLVGCRTLTVIGSSAYLSELASRLSLRPWVRRGSSSTWLWIRRSSTVVLGLSSFDDSERRLLLRT-,-26.742580000000004,156.41530600000002,0.7664
atgcaggatggcgagcgcagctacccgattcacattggtgaaggtctgttggaccagcccgagctgctggtgccgcatatcgccgggcggcaagtggcgatcatttccaatgagaccgtcgcgccgctttaccttgagcgtctgacccgcagcctggggcagttctcggtgatctcggtggttctgcccgatggcgaggcctacaagaactgggaaacgctgcagttgatcttcgatggcctgctcactgctcgccacgatcgacgcactaccatcatcgccctcggtggcggcgtgatcggtgatatggccggctttgccgcggcctgctaccagcggggcgtggatttcatccagattcctaccaccctcctgtcccaggtggactcttcggtgggtggcaagaccggtatcaaccacccgctgggcaagaacatggtcggcgccttctaccagccgaacgtggtgctgatcgataccaccagccttaacaccctgcccagccgcgagctgtcggcaggtctggcggaagtgatcaagtacggcctgatctgcgacgagcccttccttacctggctggaagagaacgtcgaccgcctgcgggccctggaccagcaggccctgacttacgccatcgagcgctcctgtgcggccaaggccgcggtggtgggtgccgacgaacgtgaatcgggagtgcgggccaccctcaacctggggcataccttcggccacgccatcgaaacccacatggggtacggtgtgtggctgcacggtgaggcggtggctgctggcaccgtaatggcccatGATGCGTCAAGAAGGCTTGGTTGGCTGTCGGACGCTGACCGTGATAGGGTCATCCGCCTACTTGAGCGAGCTGGCCTCCCGGTCACGCCTCCGGCCCTCACTGCGGAGAGGTTCCTCGAGCACATGGCTGTGGACAAGAAGGTACTCGACGGTCGTCTTAGGCTTGTCCTCCTGGAAGGCATCGGAAAGGCGGTTGTTACTGCGGACTTAAcgaaagaggttttacaggccacgctgggaaaaggt,MQ----D-GERSYPIHIGEGLLDQPELLVPHIAGRQVAIISNETVAPLYLERLTRSLGQFSVISVVLPDGEAYKNWETLQLIFDGLLTARHDRRTTIIALGGGVIGDMAGFAAACYQRGVDFIQIPTTLLSQVDSSVGGKTGINHPLGKNMVGAFYQPNVVLIDTTSLNTLPSRELSAGLAEVIKYGLICDEPFLTWLEENVDRLRALDQQALTYAIERSCAAKAAVVGADERESGVRATLNLGHTFGHAIETHMGYGVWLHGEAVAAGTVMAHDASRRLGWLSDADRDRVIRLLERAGLPVTPPA-LTAERFLEHMAVDKKVLDGRLRLVLLEGIGKAVVTADLTKEVLQATLGKG---------,M--RQEGLVGCRTLTVIGSSAYLSELASRSRLRPSLRRGSSSTWLWTRRYSTVVLGLSSWKASERRLLLRT-,-22.736530000000016,165.624866,0.7664
atgcaggatggcgagcgcagctacccgattcacattggtgaaggtctgttggaccagcccgagctgctggtgccgcatatcgccgggcggcaagtggcgatcatttccaatgagaccgtcgcgccgctttaccttgagcgtctgacccgcagcctggggcagttctcggtgatctcggtggttctgcccgatggcgaggcctacaagaactgggaaacgctgcagttgatcttcgatggcctgctcactgctcgccacgatcgacgcactaccatcatcgccctcggtggcggcgtgatcggtgatatggccggctttgccgcggcctgctaccagcggggcgtggatttcatccagattcctaccaccctcctgtcccaggtggactcttcggtgggtggcaagaccggtatcaaccacccgctgggcaagaacatggtcggcgccttctaccagccgaacgtggtgctgatcgataccaccagccttaacaccctgcccagccgcgagctgtcggcaggtctggcggaagtgatcaagtacggcctgatctgcgacgagcccttccttacctggctggaagagaacgtcgaccgcctgcgggccctggaccagcaggccctgacttacgccatcgagcgctcctgtgcggccaaggccgcggtggtgggtgccgacgaacgtgaatcgggagtgcgggccaccctcaacctggggcataccttcggccacgccatcgaaacccacatggggtacggtgtgtggctgcacggtgaggcggtggctgctggcaccgtaatggcccatGATGTCTCAAGGAGGCTTGGTTGGATCTCGGACGCTGACCGTGATAGGGTCATCCGCCTACTTGAGCGAGCTGGCCTCCCGGTTGTCCCTCCGGCCCTCAGTGCGGAGGACTTCCTCCGTCACATGGCTGTGGATAAGAAGGTACTCGACGGTCGTCTTAGGCTTGTCCTCCTCAAGCGACTCGGAGAGGCGGTTGTTACTGCGGACGTAGcgaaagaggttttacaggccacgctgggaaaaggt,MQ----D-GERSYPIHIGEGLLDQPELLVPHIAGRQVAIISNETVAPLYLERLTRSLGQFSVISVVLPDGEAYKNWETLQLIFDGLLTARHDRRTTIIALGGGVIGDMAGFAAACYQRGVDFIQIPTTLLSQVDSSVGGKTGINHPLGKNMVGAFYQPNVVLIDTTSLNTLPSRELSAGLAEVIKYGLICDEPFLTWLEENVDRLRALDQQALTYAIERSCAAKAAVVGADERESGVRATLNLGHTFGHAIETHMGYGVWLHGEAVAAGTVMAHDVSRRLGWISDADRDRVIRLLERAGLPVVPPA-LSAEDFLRHMAVDKKVLDGRLRLVLLKRLGEAVVTADVAKEVLQATLGKG---------,M--SQGGLVGSRTLTVIGSSAYLSELASRLSLRPSVRRTSSVTWLWIRRYSTVVLGLSSSSDSERRLLLRT-,-29.976770000000016,162.50493600000001,0.7664
atgcaggatggcgagcgcagctacccgattcacattggtgaaggtctgttggaccagcccgagctgctggtgccgcatatcgccgggcggcaagtggcgatcatttccaatgagaccgtcgcgccgctttaccttgagcgtctgacccgcagcctggggcagttctcggtgatctcggtggttctgcccgatggcgaggcctacaagaactgggaaacgctgcagttgatcttcgatggcctgctcactgctcgccacgatcgacgcactaccatcatcgccctcggtggcggcgtgatcggtgatatggccggctttgccgcggcctgctaccagcggggcgtggatttcatccagattcctaccaccctcctgtcccaggtggactcttcggtgggtggcaagaccggtatcaaccacccgctgggcaagaacatggtcggcgccttctaccagccgaacgtggtgctgatcgataccaccagccttaacaccctgcccagccgcgagctgtcggcaggtctggcggaagtgatcaagtacggcctgatctgcgacgagcccttccttacctggctggaagagaacgtcgaccgcctgcgggccctggaccagcaggccctgacttacgccatcgagcgctcctgtgcggccaaggccgcggtggtgggtgccgacgaacgtgaatcgggagtgcgggccaccctcaacctggggcataccttcggccacgccatcgaaacccacatggggtacggtgtgtggctgcacggtgaggcggtggctgctggcaccgtaatggcccatGATGTCTCAAGAAGGCTTGGTTGGATCTCGGACGCTGACCGTGATAGGGTCATCCGCCTACTTGAGCGAGCTGGCCTCCCGGTCGTCCCTCCGGCCATGGCTGCGGACGACTTCCTCCGTCACATGGCTGTGGACAAGAAGGTACTCGACGGTCGTCTTAGGCTTGTCCTCCTTAAAGGACTCGGAGAGGCGGTTGTTACTGCGGATGTAAcgaaagaggttttacaggccacgctgggaaaaggt,MQ----D-GERSYPIHIGEGLLDQPELLVPHIAGRQVAIISNETVAPLYLERLTRSLGQFSVISVVLPDGEAYKNWETLQLIFDGLLTARHDRRTTIIALGGGVIGDMAGFAAACYQRGVDFIQIPTTLLSQVDSSVGGKTGINHPLGKNMVGAFYQPNVVLIDTTSLNTLPSRELSAGLAEVIKYGLICDEPFLTWLEENVDRLRALDQQALTYAIERSCAAKAAVVGADERESGVRATLNLGHTFGHAIETHMGYGVWLHGEAVAAGTVMAHDVSRRLGWISDADRDRVIRLLERAGLPVVPPA-MAADDFLRHMAVDKKVLDGRLRLVLLKGLGEAVVTADVTKEVLQATLGKG---------,M--SQEGLVGSRTLTVIGSSAYLSELASRSSLRPWLRTTSSVTWLWTRRYSTVVLGLSSLKDSERRLLLRM-,-29.820490000000007,177.055446,0.7664
atgcaggatggcgagcgcagctacccgattcacattggtgaaggtctgttggaccagcccgagctgctggtgccgcatatcgccgggcggcaagtggcgatcatttccaatgagaccgtcgcgccgctttaccttgagcgtctgacccgcagcctggggcagttctcggtgatctcggtggttctgcccgatggcgaggcctacaagaactgggaaacgctgcagttgatcttcgatggcctgctcactgctcgccacgatcgacgcactaccatcatcgccctcggtggcggcgtgatcggtgatatggccggctttgccgcggcctgctaccagcggggcgtggatttcatccagattcctaccaccctcctgtcccaggtggactcttcggtgggtggcaagaccggtatcaaccacccgctgggcaagaacatggtcggcgccttctaccagccgaacgtggtgctgatcgataccaccagccttaacaccctgcccagccgcgagctgtcggcaggtctggcggaagtgatcaagtacggcctgatctgcgacgagcccttccttacctggctggaagagaacgtcgaccgcctgcgggccctggaccagcaggccctgacttacgccatcgagcgctcctgtgcggccaaggccgcggtggtgggtgccgacgaacgtgaatcgggagtgcgggccaccctcaacctggggcataccttcggccacgccatcgaaacccacatggggtacggtgtgtggctgcacggtgaggcggtggctgctggcaccgtaatggcccatGATGTCTCAAGGAGGCTTGGTTGGATCTCGGACGCTGACCGTGATAGGGTCATCCGCCTACTTGAGCGAGCTGGCCTCCCGGTCGTCCCTCCGGCCATGGGTGCGGAGGACTTCCTCAGGCACATGGCTGTGGATAAGAAGGTACTCGACGGTCGTCTTAGGCTTGTCCTCCTTCGACGACTCGGTGAGGCGGTTGTTACTGCGGACGTGAcgaaagaggttttacaggccacgctgggaaaaggt,MQ----D-GERSYPIHIGEGLLDQPELLVPHIAGRQVAIISNETVAPLYLERLTRSLGQFSVISVVLPDGEAYKNWETLQLIFDGLLTARHDRRTTIIALGGGVIGDMAGFAAACYQRGVDFIQIPTTLLSQVDSSVGGKTGINHPLGKNMVGAFYQPNVVLIDTTSLNTLPSRELSAGLAEVIKYGLICDEPFLTWLEENVDRLRALDQQALTYAIERSCAAKAAVVGADERESGVRATLNLGHTFGHAIETHMGYGVWLHGEAVAAGTVMAHDVSRRLGWISDADRDRVIRLLERAGLPVVPPA-MGAEDFLRHMAVDKKVLDGRLRLVLLRRLGEAVVTADVTKEVLQATLGKG---------,M--SQGGLVGSRTLTVIGSSAYLSELASRSSLRPWVRRTSSGTWLWIRRYSTVVLGLSSFDDSVRRLLLRT-,-29.08340000000001,159.284916,0.7664
atgcaggatggcgagcgcagctacccgattcacattggtgaaggtctgttggaccagcccgagctgctggtgccgcatatcgccgggcggcaagtggcgatcatttccaatgagaccgtcgcgccgctttaccttgagcgtctgacccgcagcctggggcagttctcggtgatctcggtggttctgcccgatggcgaggcctacaagaactgggaaacgctgcagttgatcttcgatggcctgctcactgctcgccacgatcgacgcactaccatcatcgccctcggtggcggcgtgatcggtgatatggccggctttgccgcggcctgctaccagcggggcgtggatttcatccagattcctaccaccctcctgtcccaggtggactcttcggtgggtggcaagaccggtatcaaccacccgctgggcaagaacatggtcggcgccttctaccagccgaacgtggtgctgatcgataccaccagccttaacaccctgcccagccgcgagctgtcggcaggtctggcggaagtgatcaagtacggcctgatctgcgacgagcccttccttacctggctggaagagaacgtcgaccgcctgcgggccctggaccagcaggccctgacttacgccatcgagcgctcctgtgcggccaaggccgcggtggtgggtgccgacgaacgtgaatcgggagtgcgggccaccctcaacctggggcataccttcggccacgccatcgaaacccacatggggtacggtgtgtggctgcacggtgaggcggtggctgctggcaccgtaatggcccatGATGTCTCAAGGAGGCTTGGTTGGCTGTCGGACGCTGAGCGTGATAGGGTCATCCGCCTACTTGCTAGAGCTGGCCTCCCGGTCACGCCTCCGGCCCTCAGTGCGGAGGACTTCCTCAGGCACATGGCTGTGGATAAGAAGGTACTCGACGGTCGTCTTAGGCTTGTCCTCCTTCGACGACTCGGAGAGGCGGTTGTTACTGCGGACATAGcgaaagaggttttacaggccacgctgggaaaaggt,MQ----D-GERSYPIHIGEGLLDQPELLVPHIAGRQVAIISNETVAPLYLERLTRSLGQFSVISVVLPDGEAYKNWETLQLIFDGLLTARHDRRTTIIALGGGVIGDMAGFAAACYQRGVDFIQIPTTLLSQVDSSVGGKTGINHPLGKNMVGAFYQPNVVLIDTTSLNTLPSRELSAGLAEVIKYGLICDEPFLTWLEENVDRLRALDQQALTYAIERSCAAKAAVVGADERESGVRATLNLGHTFGHAIETHMGYGVWLHGEAVAAGTVMAHDVSRRLGWLSDAERDRVIRLLARAGLPVTPPA-LSAEDFLRHMAVDKKVLDGRLRLVLLRRLGEAVVTADIAKEVLQATLGKG---------,M--SQGGLVGCRTLSVIGSSAYLLELASRSRLRPSVRRTSSGTWLWIRRYSTVVLGLSSFDDSERRLLLRT-,-25.475780000000015,145.705786,0.7664
atgcaggatggcgagcgcagctacccgattcacattggtgaaggtctgttggaccagcccgagctgctggtgccgcatatcgccgggcggcaagtggcgatcatttccaatgagaccgtcgcgccgctttaccttgagcgtctgacccgcagcctggggcagttctcggtgatctcggtggttctgcccgatggcgaggcctacaagaactgggaaacgctgcagttgatcttcgatggcctgctcactgctcgccacgatcgacgcactaccatcatcgccctcggtggcggcgtgatcggtgatatggccggctttgccgcggcctgctaccagcggggcgtggatttcatccagattcctaccaccctcctgtcccaggtggactcttcggtgggtggcaagaccggtatcaaccacccgctgggcaagaacatggtcggcgccttctaccagccgaacgtggtgctgatcgataccaccagccttaacaccctgcccagccgcgagctgtcggcaggtctggcggaagtgatcaagtacggcctgatctgcgacgagcccttccttacctggctggaagagaacgtcgaccgcctgcgggccctggaccagcaggccctgacttacgccatcgagcgctcctgtgcggccaaggccgcggtggtgggtgccgacgaacgtgaatcgggagtgcgggccaccctcaacctggggcataccttcggccacgccatcgaaacccacatggggtacggtgtgtggctgcacggtgaggcggtggctgctggcaccgtaatggcccatGATGCCTCAAGAAGGCTTGGTTGGCTGTCGAGTGCTGAGCGTGATAGGGTCATCCGCCTACTTGCTAGAGCTGGCCTCCCGGTCACGCCTCCGGCCATGGGTGCGGAGGACTTCCTCAGGCACATGGCTGTGGATAAGAAGGTCCTCGACGGTCGTCTTAGGCTTGTCCTCCTTCGACGACTCGGAGAGGCGGTTGTTACTGCGGACCTAAcgaaagaggttttacaggccacgctgggaaaaggt,MQ----D-GERSYPIHIGEGLLDQPELLVPHIAGRQVAIISNETVAPLYLERLTRSLGQFSVISVVLPDGEAYKNWETLQLIFDGLLTARHDRRTTIIALGGGVIGDMAGFAAACYQRGVDFIQIPTTLLSQVDSSVGGKTGINHPLGKNMVGAFYQPNVVLIDTTSLNTLPSRELSAGLAEVIKYGLICDEPFLTWLEENVDRLRALDQQALTYAIERSCAAKAAVVGADERESGVRATLNLGHTFGHAIETHMGYGVWLHGEAVAAGTVMAHDASRRLGWLSSAERDRVIRLLARAGLPVTPPA-MGAEDFLRHMAVDKKVLDGRLRLVLLRRLGEAVVTADLTKEVLQATLGKG---------,M--PQEGLVGCRVLSVIGSSAYLLELASRSRLRPWVRRTSSGTWLWIRRSSTVVLGLSSFDDSERRLLLRT-,-23.815050000000014,139.377086,0.7664
atgcaggatggcgagcgcagctacccgattcacattggtgaaggtctgttggaccagcccgagctgctggtgccgcatatcgccgggcggcaagtggcgatcatttccaatgagaccgtcgcgccgctttaccttgagcgtctgacccgcagcctggggcagttctcggtgatctcggtggttctgcccgatggcgaggcctacaagaactgggaaacgctgcagttgatcttcgatggcctgctcactgctcgccacgatcgacgcactaccatcatcgccctcggtggcggcgtgatcggtgatatggccggctttgccgcggcctgctaccagcggggcgtggatttcatccagattcctaccaccctcctgtcccaggtggactcttcggtgggtggcaagaccggtatcaaccacccgctgggcaagaacatggtcggcgccttctaccagccgaacgtggtgctgatcgataccaccagccttaacaccctgcccagccgcgagctgtcggcaggtctggcggaagtgatcaagtacggcctgatctgcgacgagcccttccttacctggctggaagagaacgtcgaccgcctgcgggccctggaccagcaggccctgacttacgccatcgagcgctcctgtgcggccaaggccgcggtggtgggtgccgacgaacgtgaatcgggagtgcgggccaccctcaacctggggcataccttcggccacgccatcgaaacccacatggggtacggtgtgtggctgcacggtgaggcggtggctgctggcaccgtaatggcccatGATGCGTCAAGAAGGCTCGGTTGGCTGTCGAGTGCTGAAGCTGATAGGGTCATCCGTCTACTTGCTAGAGCTGGCCTCCCGACAACGCCTCCGAGCCTCAGCGCGGAGGACTTCCTCCGTCACATGGCTGTGGATAAGAAGGTACTCGACGGTCGTCTTAGGCTTGTCCTCCTTCAAGGCATCGGAAGGGCGGTTGTTGTGGCGGACCTAGcgaaagaggttttacaggccacgctgggaaaaggt,MQ----D-GERSYPIHIGEGLLDQPELLVPHIAGRQVAIISNETVAPLYLERLTRSLGQFSVISVVLPDGEAYKNWETLQLIFDGLLTARHDRRTTIIALGGGVIGDMAGFAAACYQRGVDFIQIPTTLLSQVDSSVGGKTGINHPLGKNMVGAFYQPNVVLIDTTSLNTLPSRELSAGLAEVIKYGLICDEPFLTWLEENVDRLRALDQQALTYAIERSCAAKAAVVGADERESGVRATLNLGHTFGHAIETHMGYGVWLHGEAVAAGTVMAHDASRRLGWLSSAEADRVIRLLARAGLPTTPPS-LSAEDFLRHMAVDKKVLDGRLRLVLLQGIGRAVVVADLAKEVLQATLGKG---------,M--RQEGSVGCRVLKLIGSSVYLLELASRQRLRASARRTSSVTWLWIRRYSTVVLGLSSFKASEGRLLWRT-,-18.14806999999999,123.17157599999999,0.7664
atgcaggatggcgagcgcagctacccgattcacattggtgaaggtctgttggaccagcccgagctgctggtgccgcatatcgccgggcggcaagtggcgatcatttccaatgagaccgtcgcgccgctttaccttgagcgtctgacccgcagcctggggcagttctcggtgatctcggtggttctgcccgatggcgaggcctacaagaactgggaaacgctgcagttgatcttcgatggcctgctcactgctcgccacgatcgacgcactaccatcatcgccctcggtggcggcgtgatcggtgatatggccggctttgccgcggcctgctaccagcggggcgtggatttcatccagattcctaccaccctcctgtcccaggtggactcttcggtgggtggcaagaccggtatcaaccacccgctgggcaagaacatggtcggcgccttctaccagccgaacgtggtgctgatcgataccaccagccttaacaccctgcccagccgcgagctgtcggcaggtctggcggaagtgatcaagtacggcctgatctgcgacgagcccttccttacctggctggaagagaacgtcgaccgcctgcgggccctggaccagcaggccctgacttacgccatcgagcgctcctgtgcggccaaggccgcggtggtgggtgccgacgaacgtgaatcgggagtgcgggccaccctcaacctggggcataccttcggccacgccatcgaaacccacatggggtacggtgtgtggctgcacggtgaggcggtggctgctggcaccgtaatggcccatGATGTCTCAAGGAGGCTTGGTTGGATCTCGGACGCTGAGCGTGATAGGGTCATCCGCCTACTTGAGCGAGCTGGCCTCCCGGTCGTCCCTCCGGCCCTCAGTGCGGAGGACTTCCTCAGGCACATGGCTGTGGATAAGAAGGTACTCGACGGTCGTCTTAGGCTTGTCCTCCTTCGACGACTCGGAGAGGCGGTTGTTACTGCGGACATAGcgaaagaggttttacaggccacgctgggaaaaggt,MQ----D-GERSYPIHIGEGLLDQPELLVPHIAGRQVAIISNETVAPLYLERLTRSLGQFSVISVVLPDGEAYKNWETLQLIFDGLLTARHDRRTTIIALGGGVIGDMAGFAAACYQRGVDFIQIPTTLLSQVDSSVGGKTGINHPLGKNMVGAFYQPNVVLIDTTSLNTLPSRELSAGLAEVIKYGLICDEPFLTWLEENVDRLRALDQQALTYAIERSCAAKAAVVGADERESGVRATLNLGHTFGHAIETHMGYGVWLHGEAVAAGTVMAHDVSRRLGWISDAERDRVIRLLERAGLPVVPPA-LSAEDFLRHMAVDKKVLDGRLRLVLLRRLGEAVVTADIAKEVLQATLGKG---------,M--SQGGLVGSRTLSVIGSSAYLSELASRSSLRPSVRRTSSGTWLWIRRYSTVVLGLSSFDDSERRLLLRT-,-26.78612000000001,154.073186,0.7664
atgcaggatggcgagcgcagctacccgattcacattggtgaaggtctgttggaccagcccgagctgctggtgccgcatatcgccgggcggcaagtggcgatcatttccaatgagaccgtcgcgccgctttaccttgagcgtctgacccgcagcctggggcagttctcggtgatctcggtggttctgcccgatggcgaggcctacaagaactgggaaacgctgcagttgatcttcgatggcctgctcactgctcgccacgatcgacgcactaccatcatcgccctcggtggcggcgtgatcggtgatatggccggctttgccgcggcctgctaccagcggggcgtggatttcatccagattcctaccaccctcctgtcccaggtggactcttcggtgggtggcaagaccggtatcaaccacccgctgggcaagaacatggtcggcgccttctaccagccgaacgtggtgctgatcgataccaccagccttaacaccctgcccagccgcgagctgtcggcaggtctggcggaagtgatcaagtacggcctgatctgcgacgagcccttccttacctggctggaagagaacgtcgaccgcctgcgggccctggaccagcaggccctgacttacgccatcgagcgctcctgtgcggccaaggccgcggtggtgggtgccgacgaacgtgaatcgggagtgcgggccaccctcaacctggggcataccttcggccacgccatcgaaacccacatggggtacggtgtgtggctgcacggtgaggcggtggctgctggcaccgtaatggcccatGATGCCTCAAGGAGGCTTGGTTGGATCTCGGACGCTGACCGTGATAGGGTCATCCGCCTACTTGAGCGAGCTGGCCTCCCGGTTGTCCCTCCGGCCATGGGTGCGGAGAGGTTCCTCGAGCACATGGCTGTGGATAAGAAGGTCCTCGACGGTCGTCTTAGGCTTGTCCTCCTTCGACGACTCGGAGAGGCGGTTGTTACTGCGGACCTAGcgaaagaggttttacaggccacgctgggaaaaggt,MQ----D-GERSYPIHIGEGLLDQPELLVPHIAGRQVAIISNETVAPLYLERLTRSLGQFSVISVVLPDGEAYKNWETLQLIFDGLLTARHDRRTTIIALGGGVIGDMAGFAAACYQRGVDFIQIPTTLLSQVDSSVGGKTGINHPLGKNMVGAFYQPNVVLIDTTSLNTLPSRELSAGLAEVIKYGLICDEPFLTWLEENVDRLRALDQQALTYAIERSCAAKAAVVGADERESGVRATLNLGHTFGHAIETHMGYGVWLHGEAVAAGTVMAHDASRRLGWISDADRDRVIRLLERAGLPVVPPA-MGAERFLEHMAVDKKVLDGRLRLVLLRRLGEAVVTADLAKEVLQATLGKG---------,M--PQGGLVGSRTLTVIGSSAYLSELASRLSLRPWVRRGSSSTWLWIRRSSTVVLGLSSFDDSERRLLLRT-,-30.51504,157.117316,0.7664
atgcaggatggcgagcgcagctacccgattcacattggtgaaggtctgttggaccagcccgagctgctggtgccgcatatcgccgggcggcaagtggcgatcatttccaatgagaccgtcgcgccgctttaccttgagcgtctgacccgcagcctggggcagttctcggtgatctcggtggttctgcccgatggcgaggcctacaagaactgggaaacgctgcagttgatcttcgatggcctgctcactgctcgccacgatcgacgcactaccatcatcgccctcggtggcggcgtgatcggtgatatggccggctttgccgcggcctgctaccagcggggcgtggatttcatccagattcctaccaccctcctgtcccaggtggactcttcggtgggtggcaagaccggtatcaaccacccgctgggcaagaacatggtcggcgccttctaccagccgaacgtggtgctgatcgataccaccagccttaacaccctgcccagccgcgagctgtcggcaggtctggcggaagtgatcaagtacggcctgatctgcgacgagcccttccttacctggctggaagagaacgtcgaccgcctgcgggccctggaccagcaggccctgacttacgccatcgagcgctcctgtgcggccaaggccgcggtggtgggtgccgacgaacgtgaatcgggagtgcgggccaccctcaacctggggcataccttcggccacgccatcgaaacccacatggggtacggtgtgtggctgcacggtgaggcggtggctgctggcaccgtaatggcccatGATGCCTCGAGGCTTGAGGGTCTCGGGTCGAGTGCTGAAGTTGAGAGGGTCATCTCACTACTTAGTAGAGCTGGACTCCCGACAACAAGTCCTAGCGCGAGCGCGGGGGACTTTATCGAGGCGATGGCTGTGGATAAGAAGGTCCTCGACGGTCGTCTTAGGCTTGTCCTCCTTCGATCCATCGGAAGGGCGGATATTGTGGCGGACTTAAcgaaagaggttttacaggccacgctgggaaaaggt,MQ----D-GERSYPIHIGEGLLDQPELLVPHIAGRQVAIISNETVAPLYLERLTRSLGQFSVISVVLPDGEAYKNWETLQLIFDGLLTARHDRRTTIIALGGGVIGDMAGFAAACYQRGVDFIQIPTTLLSQVDSSVGGKTGINHPLGKNMVGAFYQPNVVLIDTTSLNTLPSRELSAGLAEVIKYGLICDEPFLTWLEENVDRLRALDQQALTYAIERSCAAKAAVVGADERESGVRATLNLGHTFGHAIETHMGYGVWLHGEAVAAGTVMAHDASRLEGLGSSAEVERVISLLSRAGLPTTSPS-ASAGDFIEAMAVDKKVLDGRLRLVLLRSIGRADIVADLTKEVLQATLGKG---------,M--PRGLRVSGRVLKLRGSSHYLVELDSRQQVLARARGTLSRRWLWIRRSSTVVLGLSSFDPSEGRILWRT-,25.58524,63.793756,0.7664
atgcaggatggcgagcgcagctacccgattcacattggtgaaggtctgttggaccagcccgagctgctggtgccgcatatcgccgggcggcaagtggcgatcatttccaatgagaccgtcgcgccgctttaccttgagcgtctgacccgcagcctggggcagttctcggtgatctcggtggttctgcccgatggcgaggcctacaagaactgggaaacgctgcagttgatcttcgatggcctgctcactgctcgccacgatcgacgcactaccatcatcgccctcggtggcggcgtgatcggtgatatggccggctttgccgcggcctgctaccagcggggcgtggatttcatccagattcctaccaccctcctgtcccaggtggactcttcggtgggtggcaagaccggtatcaaccacccgctgggcaagaacatggtcggcgccttctaccagccgaacgtggtgctgatcgataccaccagccttaacaccctgcccagccgcgagctgtcggcaggtctggcggaagtgatcaagtacggcctgatctgcgacgagcccttccttacctggctggaagagaacgtcgaccgcctgcgggccctggaccagcaggccctgacttacgccatcgagcgctcctgtgcggccaaggccgcggtggtgggtgccgacgaacgtgaatcgggagtgcgggccaccctcaacctggggcataccttcggccacgccatcgaaacccacatggggtacggtgtgtggctgcacggtgaggcggtggctgctggcaccgtaatggcccatGATGTCTCAAGGAGGCTCGGTTGGGGGAGTAGTGCTGAGCGTGATAGGGGGATCGCGCTACTTAGTAGAGCTGGCCTCCCAACGACAGCTCCGAGCCTCAGTGCCGAGGCGTTTAAGGAGGCGATGGCTGTGGATAAAAAGGTCCTCGACGGTCGTCTTAGGCTTGTCCTCCTTGAGGGACTCGGAAGGGCGGTTATTGTGGCGGACGTGAcgaaagaggttttacaggccacgctgggaaaaggt,MQ----D-GERSYPIHIGEGLLDQPELLVPHIAGRQVAIISNETVAPLYLERLTRSLGQFSVISVVLPDGEAYKNWETLQLIFDGLLTARHDRRTTIIALGGGVIGDMAGFAAACYQRGVDFIQIPTTLLSQVDSSVGGKTGINHPLGKNMVGAFYQPNVVLIDTTSLNTLPSRELSAGLAEVIKYGLICDEPFLTWLEENVDRLRALDQQALTYAIERSCAAKAAVVGADERESGVRATLNLGHTFGHAIETHMGYGVWLHGEAVAAGTVMAHDVSRRLGWGSSAERDRGIALLSRAGLPTTAPS-LSAEAFKEAMAVDKKVLDGRLRLVLLEGLGRAVIVADVTKEVLQATLGKG---------,M--SQGGSVGGVVLSVIGGSRYLVELASQRQLRASVPRRLRRRWLWIKRSSTVVLGLSSLRDSEGRLLWRT-,6.550279999999987,86.221256,0.7664
atgcaggatggcgagcgcagctacccgattcacattggtgaaggtctgttggaccagcccgagctgctggtgccgcatatcgccgggcggcaagtggcgatcatttccaatgagaccgtcgcgccgctttaccttgagcgtctgacccgcagcctggggcagttctcggtgatctcggtggttctgcccgatggcgaggcctacaagaactgggaaacgctgcagttgatcttcgatggcctgctcactgctcgccacgatcgacgcactaccatcatcgccctcggtggcggcgtgatcggtgatatggccggctttgccgcggcctgctaccagcggggcgtggatttcatccagattcctaccaccctcctgtcccaggtggactcttcggtgggtggcaagaccggtatcaaccacccgctgggcaagaacatggtcggcgccttctaccagccgaacgtggtgctgatcgataccaccagccttaacaccctgcccagccgcgagctgtcggcaggtctggcggaagtgatcaagtacggcctgatctgcgacgagcccttccttacctggctggaagagaacgtcgaccgcctgcgggccctggaccagcaggccctgacttacgccatcgagcgctcctgtgcggccaaggccgcggtggtgggtgccgacgaacgtgaatcgggagtgcgggccaccctcaacctggggcataccttcggccacgccatcgaaacccacatggggtacggtgtgtggctgcacggtgaggcggtggctgctggcaccgtaatggcccatGATGCCTCAAGGAGGCTTGGTTGGATCTCGGACGCTGACCGTGATAGGGTCATCCGCCTACTTGAGCGAGCTGGCCTCCCGGTTGTCCCTCCGGCCATGGGTGCGGAGGACTTCCTCAGGCACATGGCTGTGGATAAGAAGGTCCTCGACGGTCGTCTTAGGCTTGTCCTCCTTCGACGACTCGGAGAGGCGGTTGTTACTGCGGACTTAGcgaaagaggttttacaggccacgctgggaaaaggt,MQ----D-GERSYPIHIGEGLLDQPELLVPHIAGRQVAIISNETVAPLYLERLTRSLGQFSVISVVLPDGEAYKNWETLQLIFDGLLTARHDRRTTIIALGGGVIGDMAGFAAACYQRGVDFIQIPTTLLSQVDSSVGGKTGINHPLGKNMVGAFYQPNVVLIDTTSLNTLPSRELSAGLAEVIKYGLICDEPFLTWLEENVDRLRALDQQALTYAIERSCAAKAAVVGADERESGVRATLNLGHTFGHAIETHMGYGVWLHGEAVAAGTVMAHDASRRLGWISDADRDRVIRLLERAGLPVVPPA-MGAEDFLRHMAVDKKVLDGRLRLVLLRRLGEAVVTADLAKEVLQATLGKG---------,M--PQGGLVGSRTLTVIGSSAYLSELASRLSLRPWVRRTSSGTWLWIRRSSTVVLGLSSFDDSERRLLLRT-,-31.679040000000015,158.926706,0.7664
atgcaggatggcgagcgcagctacccgattcacattggtgaaggtctgttggaccagcccgagctgctggtgccgcatatcgccgggcggcaagtggcgatcatttccaatgagaccgtcgcgccgctttaccttgagcgtctgacccgcagcctggggcagttctcggtgatctcggtggttctgcccgatggcgaggcctacaagaactgggaaacgctgcagttgatcttcgatggcctgctcactgctcgccacgatcgacgcactaccatcatcgccctcggtggcggcgtgatcggtgatatggccggctttgccgcggcctgctaccagcggggcgtggatttcatccagattcctaccaccctcctgtcccaggtggactcttcggtgggtggcaagaccggtatcaaccacccgctgggcaagaacatggtcggcgccttctaccagccgaacgtggtgctgatcgataccaccagccttaacaccctgcccagccgcgagctgtcggcaggtctggcggaagtgatcaagtacggcctgatctgcgacgagcccttccttacctggctggaagagaacgtcgaccgcctgcgggccctggaccagcaggccctgacttacgccatcgagcgctcctgtgcggccaaggccgcggtggtgggtgccgacgaacgtgaatcgggagtgcgggccaccctcaacctggggcataccttcggccacgccatcgaaacccacatggggtacggtgtgtggctgcacggtgaggcggtggctgctggcaccgtaatggcccatGATGTCTCAAGGAGGCTTGGTTGGATCTCGGACGCTGACCGTGATAGGGTCATCCGCCTACTTGAGCGAGCTGGCCTCCCGGTCGTCCCTCCGGCCATGGGTGCGGAGAGGTTCCTCGAGCACATGGCTGTGGATAAGAAGGTACTCGACGGTCGTCTTAGGCTTGTCCTCCTTCGACGACTCGGTGAGGCGGTTGTTACTGCGGACGTGAcgaaagaggttttacaggccacgctgggaaaaggt,MQ----D-GERSYPIHIGEGLLDQPELLVPHIAGRQVAIISNETVAPLYLERLTRSLGQFSVISVVLPDGEAYKNWETLQLIFDGLLTARHDRRTTIIALGGGVIGDMAGFAAACYQRGVDFIQIPTTLLSQVDSSVGGKTGINHPLGKNMVGAFYQPNVVLIDTTSLNTLPSRELSAGLAEVIKYGLICDEPFLTWLEENVDRLRALDQQALTYAIERSCAAKAAVVGADERESGVRATLNLGHTFGHAIETHMGYGVWLHGEAVAAGTVMAHDVSRRLGWISDADRDRVIRLLERAGLPVVPPA-MGAERFLEHMAVDKKVLDGRLRLVLLRRLGEAVVTADVTKEVLQATLGKG---------,M--SQGGLVGSRTLTVIGSSAYLSELASRSSLRPWVRRGSSSTWLWIRRYSTVVLGLSSFDDSVRRLLLRT-,-28.07919000000001,157.441336,0.7664
atgcaggatggcgagcgcagctacccgattcacattggtgaaggtctgttggaccagcccgagctgctggtgccgcatatcgccgggcggcaagtggcgatcatttccaatgagaccgtcgcgccgctttaccttgagcgtctgacccgcagcctggggcagttctcggtgatctcggtggttctgcccgatggcgaggcctacaagaactgggaaacgctgcagttgatcttcgatggcctgctcactgctcgccacgatcgacgcactaccatcatcgccctcggtggcggcgtgatcggtgatatggccggctttgccgcggcctgctaccagcggggcgtggatttcatccagattcctaccaccctcctgtcccaggtggactcttcggtgggtggcaagaccggtatcaaccacccgctgggcaagaacatggtcggcgccttctaccagccgaacgtggtgctgatcgataccaccagccttaacaccctgcccagccgcgagctgtcggcaggtctggcggaagtgatcaagtacggcctgatctgcgacgagcccttccttacctggctggaagagaacgtcgaccgcctgcgggccctggaccagcaggccctgacttacgccatcgagcgctcctgtgcggccaaggccgcggtggtgggtgccgacgaacgtgaatcgggagtgcgggccaccctcaacctggggcataccttcggccacgccatcgaaacccacatggggtacggtgtgtggctgcacggtgaggcggtggctgctggcaccgtaatggcccatGATGTCAGCAGGAGGCTTGGTTGGCTGTCGAGTGCTGAGCGTGATAGGGTCATCCGCCTACTCGCTAGAGCTGGCCTCCCGGTCACGCCTCCGAGCCTCAGCGCGGAGAGGTTTATCGAGCACATGGCTGTGGATAAGAAGGTACTCGACGGTCGTCTTAGGCTTGTCCTCCTTCGACGACTCGGTGAGGCGGTTGTTACTGCGGACGTAAcgaaagaggttttacaggccacgctgggaaaaggt,MQ----D-GERSYPIHIGEGLLDQPELLVPHIAGRQVAIISNETVAPLYLERLTRSLGQFSVISVVLPDGEAYKNWETLQLIFDGLLTARHDRRTTIIALGGGVIGDMAGFAAACYQRGVDFIQIPTTLLSQVDSSVGGKTGINHPLGKNMVGAFYQPNVVLIDTTSLNTLPSRELSAGLAEVIKYGLICDEPFLTWLEENVDRLRALDQQALTYAIERSCAAKAAVVGADERESGVRATLNLGHTFGHAIETHMGYGVWLHGEAVAAGTVMAHDVSRRLGWLSSAERDRVIRLLARAGLPVTPPS-LSAERFIEHMAVDKKVLDGRLRLVLLRRLGEAVVTADVTKEVLQATLGKG---------,M--SAGGLVGCRVLSVIGSSAYSLELASRSRLRASARRGLSSTWLWIRRYSTVVLGLSSFDDSVRRLLLRT-,-17.762280000000004,120.599436,0.7664
atgcaggatggcgagcgcagctacccgattcacattggtgaaggtctgttggaccagcccgagctgctggtgccgcatatcgccgggcggcaagtggcgatcatttccaatgagaccgtcgcgccgctttaccttgagcgtctgacccgcagcctggggcagttctcggtgatctcggtggttctgcccgatggcgaggcctacaagaactgggaaacgctgcagttgatcttcgatggcctgctcactgctcgccacgatcgacgcactaccatcatcgccctcggtggcggcgtgatcggtgatatggccggctttgccgcggcctgctaccagcggggcgtggatttcatccagattcctaccaccctcctgtcccaggtggactcttcggtgggtggcaagaccggtatcaaccacccgctgggcaagaacatggtcggcgccttctaccagccgaacgtggtgctgatcgataccaccagccttaacaccctgcccagccgcgagctgtcggcaggtctggcggaagtgatcaagtacggcctgatctgcgacgagcccttccttacctggctggaagagaacgtcgaccgcctgcgggccctggaccagcaggccctgacttacgccatcgagcgctcctgtgcggccaaggccgcggtggtgggtgccgacgaacgtgaatcgggagtgcgggccaccctcaacctggggcataccttcggccacgccatcgaaacccacatggggtacggtgtgtggctgcacggtgaggcggtggctgctggcaccgtaatggcccatGATGCCTCAAGAAGGCTTGGTTGGCTGTCGGACGCTGAGCGTGATAGGGTCATCCGCCTACTTGAGCGAGCTGGCCTCCCGGTCACGCCTCCGGCCATGGGTGCGGAGCGCTTCCTCGAGCACATGGCTGTGGATAAGAAGGTACTCGACGGTCGTCTTAGGCTTGTCCTCCTTCGACGACTCGGTGAGGCGGTTGTTACTGCGGACCTGAcgaaagaggttttacaggccacgctgggaaaaggt,MQ----D-GERSYPIHIGEGLLDQPELLVPHIAGRQVAIISNETVAPLYLERLTRSLGQFSVISVVLPDGEAYKNWETLQLIFDGLLTARHDRRTTIIALGGGVIGDMAGFAAACYQRGVDFIQIPTTLLSQVDSSVGGKTGINHPLGKNMVGAFYQPNVVLIDTTSLNTLPSRELSAGLAEVIKYGLICDEPFLTWLEENVDRLRALDQQALTYAIERSCAAKAAVVGADERESGVRATLNLGHTFGHAIETHMGYGVWLHGEAVAAGTVMAHDASRRLGWLSDAERDRVIRLLERAGLPVTPPA-MGAERFLEHMAVDKKVLDGRLRLVLLRRLGEAVVTADLTKEVLQATLGKG---------,M--PQEGLVGCRTLSVIGSSAYLSELASRSRLRPWVRSASSSTWLWIRRYSTVVLGLSSFDDSVRRLLLRT-,-25.45192,149.911476,0.7664
atgcaggatggcgagcgcagctacccgattcacattggtgaaggtctgttggaccagcccgagctgctggtgccgcatatcgccgggcggcaagtggcgatcatttccaatgagaccgtcgcgccgctttaccttgagcgtctgacccgcagcctggggcagttctcggtgatctcggtggttctgcccgatggcgaggcctacaagaactgggaaacgctgcagttgatcttcgatggcctgctcactgctcgccacgatcgacgcactaccatcatcgccctcggtggcggcgtgatcggtgatatggccggctttgccgcggcctgctaccagcggggcgtggatttcatccagattcctaccaccctcctgtcccaggtggactcttcggtgggtggcaagaccggtatcaaccacccgctgggcaagaacatggtcggcgccttctaccagccgaacgtggtgctgatcgataccaccagccttaacaccctgcccagccgcgagctgtcggcaggtctggcggaagtgatcaagtacggcctgatctgcgacgagcccttccttacctggctggaagagaacgtcgaccgcctgcgggccctggaccagcaggccctgacttacgccatcgagcgctcctgtgcggccaaggccgcggtggtgggtgccgacgaacgtgaatcgggagtgcgggccaccctcaacctggggcataccttcggccacgccatcgaaacccacatggggtacggtgtgtggctgcacggtgaggcggtggctgctggcaccgtaatggcccatGATGTCTCAAGGAGGCTTGGTTGGCTGTCGAGTGCTGAGCGTGATAGGGTCATCCGTCTACTCGCTAGAGCTGGCCTCCCAACGACGCCTCCGAGCCTCAGCGCGGAGGACTTTAGGAGGCACATGGCTGTGGATAAGAAGGTCCTCGACGGTCGTCTTAGGCTTGTCCTCCTTCGACGACTCGGAGAGGCGGTTGTTACTGCGGACTTAGcgaaagaggttttacaggccacgctgggaaaaggt,MQ----D-GERSYPIHIGEGLLDQPELLVPHIAGRQVAIISNETVAPLYLERLTRSLGQFSVISVVLPDGEAYKNWETLQLIFDGLLTARHDRRTTIIALGGGVIGDMAGFAAACYQRGVDFIQIPTTLLSQVDSSVGGKTGINHPLGKNMVGAFYQPNVVLIDTTSLNTLPSRELSAGLAEVIKYGLICDEPFLTWLEENVDRLRALDQQALTYAIERSCAAKAAVVGADERESGVRATLNLGHTFGHAIETHMGYGVWLHGEAVAAGTVMAHDVSRRLGWLSSAERDRVIRLLARAGLPTTPPS-LSAEDFRRHMAVDKKVLDGRLRLVLLRRLGEAVVTADLAKEVLQATLGKG---------,M--SQGGLVGCRVLSVIGSSVYSLELASQRRLRASARRTLGGTWLWIRRSSTVVLGLSSFDDSERRLLLRT-,-19.47014999999999,119.23837599999999,0.7664
atgcaggatggcgagcgcagctacccgattcacattggtgaaggtctgttggaccagcccgagctgctggtgccgcatatcgccgggcggcaagtggcgatcatttccaatgagaccgtcgcgccgctttaccttgagcgtctgacccgcagcctggggcagttctcggtgatctcggtggttctgcccgatggcgaggcctacaagaactgggaaacgctgcagttgatcttcgatggcctgctcactgctcgccacgatcgacgcactaccatcatcgccctcggtggcggcgtgatcggtgatatggccggctttgccgcggcctgctaccagcggggcgtggatttcatccagattcctaccaccctcctgtcccaggtggactcttcggtgggtggcaagaccggtatcaaccacccgctgggcaagaacatggtcggcgccttctaccagccgaacgtggtgctgatcgataccaccagccttaacaccctgcccagccgcgagctgtcggcaggtctggcggaagtgatcaagtacggcctgatctgcgacgagcccttccttacctggctggaagagaacgtcgaccgcctgcgggccctggaccagcaggccctgacttacgccatcgagcgctcctgtgcggccaaggccgcggtggtgggtgccgacgaacgtgaatcgggagtgcgggccaccctcaacctggggcataccttcggccacgccatcgaaacccacatggggtacggtgtgtggctgcacggtgaggcggtggctgctggcaccgtaatggcccatGATGTCAGCAGAAGGCTTGGTTGGATCTCGAGTGCTGAGCGTGATAGGGTCATCCGCCTACTTGCTAGAGCTGGCCTCCCGGTCACGCCTCCGGCCATGGGCGCGGAGAGGTTTATCGAGCACATGGCTGTGGATAAGAAGGTACTCGACGGTCGTCTTAGGCTTGTCCTCCTTCGACGACTCGGTGAGGCGGTTGTTGTGGCGGACGTAAcgaaagaggttttacaggccacgctgggaaaaggt,MQ----D-GERSYPIHIGEGLLDQPELLVPHIAGRQVAIISNETVAPLYLERLTRSLGQFSVISVVLPDGEAYKNWETLQLIFDGLLTARHDRRTTIIALGGGVIGDMAGFAAACYQRGVDFIQIPTTLLSQVDSSVGGKTGINHPLGKNMVGAFYQPNVVLIDTTSLNTLPSRELSAGLAEVIKYGLICDEPFLTWLEENVDRLRALDQQALTYAIERSCAAKAAVVGADERESGVRATLNLGHTFGHAIETHMGYGVWLHGEAVAAGTVMAHDVSRRLGWISSAERDRVIRLLARAGLPVTPPA-MGAERFIEHMAVDKKVLDGRLRLVLLRRLGEAVVVADVTKEVLQATLGKG---------,M--SAEGLVGSRVLSVIGSSAYLLELASRSRLRPWARRGLSSTWLWIRRYSTVVLGLSSFDDSVRRLLWRT-,-22.818849999999998,132.732876,0.7664
atgcaggatggcgagcgcagctacccgattcacattggtgaaggtctgttggaccagcccgagctgctggtgccgcatatcgccgggcggcaagtggcgatcatttccaatgagaccgtcgcgccgctttaccttgagcgtctgacccgcagcctggggcagttctcggtgatctcggtggttctgcccgatggcgaggcctacaagaactgggaaacgctgcagttgatcttcgatggcctgctcactgctcgccacgatcgacgcactaccatcatcgccctcggtggcggcgtgatcggtgatatggccggctttgccgcggcctgctaccagcggggcgtggatttcatccagattcctaccaccctcctgtcccaggtggactcttcggtgggtggcaagaccggtatcaaccacccgctgggcaagaacatggtcggcgccttctaccagccgaacgtggtgctgatcgataccaccagccttaacaccctgcccagccgcgagctgtcggcaggtctggcggaagtgatcaagtacggcctgatctgcgacgagcccttccttacctggctggaagagaacgtcgaccgcctgcgggccctggaccagcaggccctgacttacgccatcgagcgctcctgtgcggccaaggccgcggtggtgggtgccgacgaacgtgaatcgggagtgcgggccaccctcaacctggggcataccttcggccacgccatcgaaacccacatggggtacggtgtgtggctgcacggtgaggcggtggctgctggcaccgtaatggcccatGATGTCTCAAGGAGGCTTGGTTGGCTGTCGGACGCTGAGCGTGATAGGGTCATCCGCCTACTTGAGCGAGCTGGCCTCCCGGTTGTCCCTCCGGCCCTCAGTGCGGAGAGGTTCCTCGAGCACATGGCTGTGGATAAGAAGGTACTCGACGGTCGTCTTAGGCTTGTCCTCCTTCGACGACTCGGAGAGGCGGTTGTTACTGCGGACGTAGcgaaagaggttttacaggccacgctgggaaaaggt,MQ----D-GERSYPIHIGEGLLDQPELLVPHIAGRQVAIISNETVAPLYLERLTRSLGQFSVISVVLPDGEAYKNWETLQLIFDGLLTARHDRRTTIIALGGGVIGDMAGFAAACYQRGVDFIQIPTTLLSQVDSSVGGKTGINHPLGKNMVGAFYQPNVVLIDTTSLNTLPSRELSAGLAEVIKYGLICDEPFLTWLEENVDRLRALDQQALTYAIERSCAAKAAVVGADERESGVRATLNLGHTFGHAIETHMGYGVWLHGEAVAAGTVMAHDVSRRLGWLSDAERDRVIRLLERAGLPVVPPA-LSAERFLEHMAVDKKVLDGRLRLVLLRRLGEAVVTADVAKEVLQATLGKG---------,M--SQGGLVGCRTLSVIGSSAYLSELASRLSLRPSVRRGSSSTWLWIRRYSTVVLGLSSFDDSERRLLLRT-,-28.689040000000006,152.149906,0.7664
atgcaggatggcgagcgcagctacccgattcacattggtgaaggtctgttggaccagcccgagctgctggtgccgcatatcgccgggcggcaagtggcgatcatttccaatgagaccgtcgcgccgctttaccttgagcgtctgacccgcagcctggggcagttctcggtgatctcggtggttctgcccgatggcgaggcctacaagaactgggaaacgctgcagttgatcttcgatggcctgctcactgctcgccacgatcgacgcactaccatcatcgccctcggtggcggcgtgatcggtgatatggccggctttgccgcggcctgctaccagcggggcgtggatttcatccagattcctaccaccctcctgtcccaggtggactcttcggtgggtggcaagaccggtatcaaccacccgctgggcaagaacatggtcggcgccttctaccagccgaacgtggtgctgatcgataccaccagccttaacaccctgcccagccgcgagctgtcggcaggtctggcggaagtgatcaagtacggcctgatctgcgacgagcccttccttacctggctggaagagaacgtcgaccgcctgcgggccctggaccagcaggccctgacttacgccatcgagcgctcctgtgcggccaaggccgcggtggtgggtgccgacgaacgtgaatcgggagtgcgggccaccctcaacctggggcataccttcggccacgccatcgaaacccacatggggtacggtgtgtggctgcacggtgaggcggtggctgctggcaccgtaatggcccatGATGTCAGCAGGAGGCTTGGTTGGCTGTCGAGTGCTGAGCGTGATAGGGTCATCCGCCTACTCGCTAGAGCTGGCCTCCCGGTCACGCCTCCGGCCCTCAGTGCGGAGAGGTTCCTCGAGCACATGGCTGTGGATAAGAAGGTACTCGACGGTCGTCTTAGGCTTGTCCTCCTTCGACGACTCGGAGAGGCGGTTGTTACTGCGGACGTAGcgaaagaggttttacaggccacgctgggaaaaggt,MQ----D-GERSYPIHIGEGLLDQPELLVPHIAGRQVAIISNETVAPLYLERLTRSLGQFSVISVVLPDGEAYKNWETLQLIFDGLLTARHDRRTTIIALGGGVIGDMAGFAAACYQRGVDFIQIPTTLLSQVDSSVGGKTGINHPLGKNMVGAFYQPNVVLIDTTSLNTLPSRELSAGLAEVIKYGLICDEPFLTWLEENVDRLRALDQQALTYAIERSCAAKAAVVGADERESGVRATLNLGHTFGHAIETHMGYGVWLHGEAVAAGTVMAHDVSRRLGWLSSAERDRVIRLLARAGLPVTPPA-LSAERFLEHMAVDKKVLDGRLRLVLLRRLGEAVVTADVAKEVLQATLGKG---------,M--SAGGLVGCRVLSVIGSSAYSLELASRSRLRPSVRRGSSSTWLWIRRYSTVVLGLSSFDDSERRLLLRT-,-25.794460000000015,134.444936,0.7664
atgcaggatggcgagcgcagctacccgattcacattggtgaaggtctgttggaccagcccgagctgctggtgccgcatatcgccgggcggcaagtggcgatcatttccaatgagaccgtcgcgccgctttaccttgagcgtctgacccgcagcctggggcagttctcggtgatctcggtggttctgcccgatggcgaggcctacaagaactgggaaacgctgcagttgatcttcgatggcctgctcactgctcgccacgatcgacgcactaccatcatcgccctcggtggcggcgtgatcggtgatatggccggctttgccgcggcctgctaccagcggggcgtggatttcatccagattcctaccaccctcctgtcccaggtggactcttcggtgggtggcaagaccggtatcaaccacccgctgggcaagaacatggtcggcgccttctaccagccgaacgtggtgctgatcgataccaccagccttaacaccctgcccagccgcgagctgtcggcaggtctggcggaagtgatcaagtacggcctgatctgcgacgagcccttccttacctggctggaagagaacgtcgaccgcctgcgggccctggaccagcaggccctgacttacgccatcgagcgctcctgtgcggccaaggccgcggtggtgggtgccgacgaacgtgaatcgggagtgcgggccaccctcaacctggggcataccttcggccacgccatcgaaacccacatggggtacggtgtgtggctgcacggtgaggcggtggctgctggcaccgtaatggcccatGATGCCAGCAGGCGTCTTGGTTGGCTGTCGGACGCTGAACGTGATAGGGGGATCCGCCTACTTGAGCGAGCTGGCCTCCCGGTTGTCCCTCCGGCCATGGGTGCGGAGAGATTCCTCGAGCACATGGCTGTGGATAAGAAGGTCCTCGACGGTCGTCTTAGGCTTGTCCTCCTTCGACGACTCGGTGAGGCGGTTGTTACTGCGGACTTAAcgaaagaggttttacaggccacgctgggaaaaggt,MQ----D-GERSYPIHIGEGLLDQPELLVPHIAGRQVAIISNETVAPLYLERLTRSLGQFSVISVVLPDGEAYKNWETLQLIFDGLLTARHDRRTTIIALGGGVIGDMAGFAAACYQRGVDFIQIPTTLLSQVDSSVGGKTGINHPLGKNMVGAFYQPNVVLIDTTSLNTLPSRELSAGLAEVIKYGLICDEPFLTWLEENVDRLRALDQQALTYAIERSCAAKAAVVGADERESGVRATLNLGHTFGHAIETHMGYGVWLHGEAVAAGTVMAHDASRRLGWLSDAERDRGIRLLERAGLPVVPPA-MGAERFLEHMAVDKKVLDGRLRLVLLRRLGEAVVTADLTKEVLQATLGKG---------,M--PAGVLVGCRTLNVIGGSAYLSELASRLSLRPWVRRDSSSTWLWIRRSSTVVLGLSSFDDSVRRLLLRT-,-26.03952000000001,152.013606,0.7664
atgcaggatggcgagcgcagctacccgattcacattggtgaaggtctgttggaccagcccgagctgctggtgccgcatatcgccgggcggcaagtggcgatcatttccaatgagaccgtcgcgccgctttaccttgagcgtctgacccgcagcctggggcagttctcggtgatctcggtggttctgcccgatggcgaggcctacaagaactgggaaacgctgcagttgatcttcgatggcctgctcactgctcgccacgatcgacgcactaccatcatcgccctcggtggcggcgtgatcggtgatatggccggctttgccgcggcctgctaccagcggggcgtggatttcatccagattcctaccaccctcctgtcccaggtggactcttcggtgggtggcaagaccggtatcaaccacccgctgggcaagaacatggtcggcgccttctaccagccgaacgtggtgctgatcgataccaccagccttaacaccctgcccagccgcgagctgtcggcaggtctggcggaagtgatcaagtacggcctgatctgcgacgagcccttccttacctggctggaagagaacgtcgaccgcctgcgggccctggaccagcaggccctgacttacgccatcgagcgctcctgtgcggccaaggccgcggtggtgggtgccgacgaacgtgaatcgggagtgcgggccaccctcaacctggggcataccttcggccacgccatcgaaacccacatggggtacggtgtgtggctgcacggtgaggcggtggctgctggcaccgtaatggcccatGATGTCAGCAGGAGGCTTGGTTGGCTGTCGAGTGCTGAGCGTGATAGGGTCATCCGCCTACTCGCTAGAGCTGGCCTCCCGGTCACGCCTCCGAGCATGGGCGCGGACCGCTTTATCGAGCACATGGCTGTGGATAAGAAGGTACTCGACGGTCGTCTTAGGCTTGTCCTCCTTCGACGACTCGGTGAGGCGGTTGTTACTGCGGACGTGAcgaaagaggttttacaggccacgctgggaaaaggt,MQ----D-GERSYPIHIGEGLLDQPELLVPHIAGRQVAIISNETVAPLYLERLTRSLGQFSVISVVLPDGEAYKNWETLQLIFDGLLTARHDRRTTIIALGGGVIGDMAGFAAACYQRGVDFIQIPTTLLSQVDSSVGGKTGINHPLGKNMVGAFYQPNVVLIDTTSLNTLPSRELSAGLAEVIKYGLICDEPFLTWLEENVDRLRALDQQALTYAIERSCAAKAAVVGADERESGVRATLNLGHTFGHAIETHMGYGVWLHGEAVAAGTVMAHDVSRRLGWLSSAERDRVIRLLARAGLPVTPPS-MGADRFIEHMAVDKKVLDGRLRLVLLRRLGEAVVTADVTKEVLQATLGKG---------,M--SAGGLVGCRVLSVIGSSAYSLELASRSRLRAWARTALSSTWLWIRRYSTVVLGLSSFDDSVRRLLLRT-,-21.333069999999992,125.71098599999999,0.7664
atgcaggatggcgagcgcagctacccgattcacattggtgaaggtctgttggaccagcccgagctgctggtgccgcatatcgccgggcggcaagtggcgatcatttccaatgagaccgtcgcgccgctttaccttgagcgtctgacccgcagcctggggcagttctcggtgatctcggtggttctgcccgatggcgaggcctacaagaactgggaaacgctgcagttgatcttcgatggcctgctcactgctcgccacgatcgacgcactaccatcatcgccctcggtggcggcgtgatcggtgatatggccggctttgccgcggcctgctaccagcggggcgtggatttcatccagattcctaccaccctcctgtcccaggtggactcttcggtgggtggcaagaccggtatcaaccacccgctgggcaagaacatggtcggcgccttctaccagccgaacgtggtgctgatcgataccaccagccttaacaccctgcccagccgcgagctgtcggcaggtctggcggaagtgatcaagtacggcctgatctgcgacgagcccttccttacctggctggaagagaacgtcgaccgcctgcgggccctggaccagcaggccctgacttacgccatcgagcgctcctgtgcggccaaggccgcggtggtgggtgccgacgaacgtgaatcgggagtgcgggccaccctcaacctggggcataccttcggccacgccatcgaaacccacatggggtacggtgtgtggctgcacggtgaggcggtggctgctggcaccgtaatggcccatGATGCCAGCCGCAGGCTTGGTTGGCTGTCGGACGCTGACCGTGATAGGGTCATCCGCCTACTTGAGCGAGCTGGCCTCCCGGTTGTCCCTCCGGCCATGGGTGCGGAGAGGTTCCTCGAGCACATGGCTGTGGATAAGAAGGTCCTCGACGGTCGTCTTAGGCTTGTCCTCCTTCGACGACTCGGTGAGGCGGTTGTTACTGCGGACCTGAcgaaagaggttttacaggccacgctgggaaaaggt,MQ----D-GERSYPIHIGEGLLDQPELLVPHIAGRQVAIISNETVAPLYLERLTRSLGQFSVISVVLPDGEAYKNWETLQLIFDGLLTARHDRRTTIIALGGGVIGDMAGFAAACYQRGVDFIQIPTTLLSQVDSSVGGKTGINHPLGKNMVGAFYQPNVVLIDTTSLNTLPSRELSAGLAEVIKYGLICDEPFLTWLEENVDRLRALDQQALTYAIERSCAAKAAVVGADERESGVRATLNLGHTFGHAIETHMGYGVWLHGEAVAAGTVMAHDASRRLGWLSDADRDRVIRLLERAGLPVVPPA-MGAERFLEHMAVDKKVLDGRLRLVLLRRLGEAVVTADLTKEVLQATLGKG---------,M--PAAGLVGCRTLTVIGSSAYLSELASRLSLRPWVRRGSSSTWLWIRRSSTVVLGLSSFDDSVRRLLLRT-,-26.742199999999997,156.183856,0.7664
atgcaggatggcgagcgcagctacccgattcacattggtgaaggtctgttggaccagcccgagctgctggtgccgcatatcgccgggcggcaagtggcgatcatttccaatgagaccgtcgcgccgctttaccttgagcgtctgacccgcagcctggggcagttctcggtgatctcggtggttctgcccgatggcgaggcctacaagaactgggaaacgctgcagttgatcttcgatggcctgctcactgctcgccacgatcgacgcactaccatcatcgccctcggtggcggcgtgatcggtgatatggccggctttgccgcggcctgctaccagcggggcgtggatttcatccagattcctaccaccctcctgtcccaggtggactcttcggtgggtggcaagaccggtatcaaccacccgctgggcaagaacatggtcggcgccttctaccagccgaacgtggtgctgatcgataccaccagccttaacaccctgcccagccgcgagctgtcggcaggtctggcggaagtgatcaagtacggcctgatctgcgacgagcccttccttacctggctggaagagaacgtcgaccgcctgcgggccctggaccagcaggccctgacttacgccatcgagcgctcctgtgcggccaaggccgcggtggtgggtgccgacgaacgtgaatcgggagtgcgggccaccctcaacctggggcataccttcggccacgccatcgaaacccacatggggtacggtgtgtggctgcacggtgaggcggtggctgctggcaccgtaatggcccatGATGTCTCAAGGAGGCTTGGTTGGATCTCGGACGCTGACCGTGATAGGGTCATCCGCCTACTTGAGCGAGCTGGCCTCCCGGTCGTCCCTCCGGCCCTCACTGCGGAGAGATTCCTCGAGCACATGGCTGTGGATAAGAAGGTACTCGACGGTCGTCTTAGGCTTGTCCTCCTCAAAGGACTCGGAGAGGCGGTTGTTACTGCGGACGTGAcgaaagaggttttacaggccacgctgggaaaaggt,MQ----D-GERSYPIHIGEGLLDQPELLVPHIAGRQVAIISNETVAPLYLERLTRSLGQFSVISVVLPDGEAYKNWETLQLIFDGLLTARHDRRTTIIALGGGVIGDMAGFAAACYQRGVDFIQIPTTLLSQVDSSVGGKTGINHPLGKNMVGAFYQPNVVLIDTTSLNTLPSRELSAGLAEVIKYGLICDEPFLTWLEENVDRLRALDQQALTYAIERSCAAKAAVVGADERESGVRATLNLGHTFGHAIETHMGYGVWLHGEAVAAGTVMAHDVSRRLGWISDADRDRVIRLLERAGLPVVPPA-LTAERFLEHMAVDKKVLDGRLRLVLLKGLGEAVVTADVTKEVLQATLGKG---------,M--SQGGLVGSRTLTVIGSSAYLSELASRSSLRPSLRRDSSSTWLWIRRYSTVVLGLSSSKDSERRLLLRT-,-26.019800000000004,168.500186,0.7664
atgcaggatggcgagcgcagctacccgattcacattggtgaaggtctgttggaccagcccgagctgctggtgccgcatatcgccgggcggcaagtggcgatcatttccaatgagaccgtcgcgccgctttaccttgagcgtctgacccgcagcctggggcagttctcggtgatctcggtggttctgcccgatggcgaggcctacaagaactgggaaacgctgcagttgatcttcgatggcctgctcactgctcgccacgatcgacgcactaccatcatcgccctcggtggcggcgtgatcggtgatatggccggctttgccgcggcctgctaccagcggggcgtggatttcatccagattcctaccaccctcctgtcccaggtggactcttcggtgggtggcaagaccggtatcaaccacccgctgggcaagaacatggtcggcgccttctaccagccgaacgtggtgctgatcgataccaccagccttaacaccctgcccagccgcgagctgtcggcaggtctggcggaagtgatcaagtacggcctgatctgcgacgagcccttccttacctggctggaagagaacgtcgaccgcctgcgggccctggaccagcaggccctgacttacgccatcgagcgctcctgtgcggccaaggccgcggtggtgggtgccgacgaacgtgaatcgggagtgcgggccaccctcaacctggggcataccttcggccacgccatcgaaacccacatggggtacggtgtgtggctgcacggtgaggcggtggctgctggcaccgtaatggcccatGATGCAAGCCGCAGGCTTGGTTGGCTGTCGGACGCTGACCGTGATAGGGTCATCCGCCTACTTGAGCGAGCTGGCCTCCCGGTCACGCCTCCGGCCCTCACTGCGGAGAGGTTCCTCGAGCACATGGCTGTGGACAAGAAGGTACTCGACGGTCGTCTTAGGCTTGTCCTCCTGGAAGGCATCGGTAAGGCGGTTGTTACTGCGGACTTAAcgaaagaggttttacaggccacgctgggaaaaggt,MQ----D-GERSYPIHIGEGLLDQPELLVPHIAGRQVAIISNETVAPLYLERLTRSLGQFSVISVVLPDGEAYKNWETLQLIFDGLLTARHDRRTTIIALGGGVIGDMAGFAAACYQRGVDFIQIPTTLLSQVDSSVGGKTGINHPLGKNMVGAFYQPNVVLIDTTSLNTLPSRELSAGLAEVIKYGLICDEPFLTWLEENVDRLRALDQQALTYAIERSCAAKAAVVGADERESGVRATLNLGHTFGHAIETHMGYGVWLHGEAVAAGTVMAHDASRRLGWLSDADRDRVIRLLERAGLPVTPPA-LTAERFLEHMAVDKKVLDGRLRLVLLEGIGKAVVTADLTKEVLQATLGKG---------,M--QAAGLVGCRTLTVIGSSAYLSELASRSRLRPSLRRGSSSTWLWTRRYSTVVLGLSSWKASVRRLLLRT-,-22.736649999999997,165.590396,0.7664
atgcaggatggcgagcgcagctacccgattcacattggtgaaggtctgttggaccagcccgagctgctggtgccgcatatcgccgggcggcaagtggcgatcatttccaatgagaccgtcgcgccgctttaccttgagcgtctgacccgcagcctggggcagttctcggtgatctcggtggttctgcccgatggcgaggcctacaagaactgggaaacgctgcagttgatcttcgatggcctgctcactgctcgccacgatcgacgcactaccatcatcgccctcggtggcggcgtgatcggtgatatggccggctttgccgcggcctgctaccagcggggcgtggatttcatccagattcctaccaccctcctgtcccaggtggactcttcggtgggtggcaagaccggtatcaaccacccgctgggcaagaacatggtcggcgccttctaccagccgaacgtggtgctgatcgataccaccagccttaacaccctgcccagccgcgagctgtcggcaggtctggcggaagtgatcaagtacggcctgatctgcgacgagcccttccttacctggctggaagagaacgtcgaccgcctgcgggccctggaccagcaggccctgacttacgccatcgagcgctcctgtgcggccaaggccgcggtggtgggtgccgacgaacgtgaatcgggagtgcgggccaccctcaacctggggcataccttcggccacgccatcgaaacccacatggggtacggtgtgtggctgcacggtgaggcggtggctgctggcaccgtaatggcccatGATGCCTCAAGAAGGCTTGGTTGGCTGTCGGACGCTGACCGTGATAGGGTCATCCGCCTACTTGAGCGAGCTGGCCTCCCGGTTACGCCTCCGGCCCTCAGTGCGGAGAGGTTCCTCGAGCACATGGCTGTGGATAAGAAGGTACTCGACGGTCGTCTTAGGCTTGTCCTCCTCAAAGGCATCGGAGAGGCGGTTGTTACTGCGGACCTAAcgaaagaggttttacaggccacgctgggaaaaggt,MQ----D-GERSYPIHIGEGLLDQPELLVPHIAGRQVAIISNETVAPLYLERLTRSLGQFSVISVVLPDGEAYKNWETLQLIFDGLLTARHDRRTTIIALGGGVIGDMAGFAAACYQRGVDFIQIPTTLLSQVDSSVGGKTGINHPLGKNMVGAFYQPNVVLIDTTSLNTLPSRELSAGLAEVIKYGLICDEPFLTWLEENVDRLRALDQQALTYAIERSCAAKAAVVGADERESGVRATLNLGHTFGHAIETHMGYGVWLHGEAVAAGTVMAHDASRRLGWLSDADRDRVIRLLERAGLPVTPPA-LSAERFLEHMAVDKKVLDGRLRLVLLKGIGEAVVTADLTKEVLQATLGKG---------,M--PQEGLVGCRTLTVIGSSAYLSELASRLRLRPSVRRGSSSTWLWIRRYSTVVLGLSSSKASERRLLLRT-,-23.222260000000006,162.053076,0.7664
atgcaggatggcgagcgcagctacccgattcacattggtgaaggtctgttggaccagcccgagctgctggtgccgcatatcgccgggcggcaagtggcgatcatttccaatgagaccgtcgcgccgctttaccttgagcgtctgacccgcagcctggggcagttctcggtgatctcggtggttctgcccgatggcgaggcctacaagaactgggaaacgctgcagttgatcttcgatggcctgctcactgctcgccacgatcgacgcactaccatcatcgccctcggtggcggcgtgatcggtgatatggccggctttgccgcggcctgctaccagcggggcgtggatttcatccagattcctaccaccctcctgtcccaggtggactcttcggtgggtggcaagaccggtatcaaccacccgctgggcaagaacatggtcggcgccttctaccagccgaacgtggtgctgatcgataccaccagccttaacaccctgcccagccgcgagctgtcggcaggtctggcggaagtgatcaagtacggcctgatctgcgacgagcccttccttacctggctggaagagaacgtcgaccgcctgcgggccctggaccagcaggccctgacttacgccatcgagcgctcctgtgcggccaaggccgcggtggtgggtgccgacgaacgtgaatcgggagtgcgggccaccctcaacctggggcataccttcggccacgccatcgaaacccacatggggtacggtgtgtggctgcacggtgaggcggtggctgctggcaccgtaatggcccatGATGTCTCAAGAAGGCTTGGTTGGATCTCGGCTGCTGACCGTGATAGGGTCATCCGCCTTATTGCTAGAGCTGGCCTCCCGGTCACGCCTCCGGCCCTCACTGCGGAGAGATTTGTCGAGCACATGGCTGTGGATAAGAAGGTACTCGACGGTCGTCTTAGGCTTGTCCTCCTGGAAGGACTCGGTAAGGCGGTTGTTACTGCGGACGTAAcgaaagaggttttacaggccacgctgggaaaaggt,MQ----D-GERSYPIHIGEGLLDQPELLVPHIAGRQVAIISNETVAPLYLERLTRSLGQFSVISVVLPDGEAYKNWETLQLIFDGLLTARHDRRTTIIALGGGVIGDMAGFAAACYQRGVDFIQIPTTLLSQVDSSVGGKTGINHPLGKNMVGAFYQPNVVLIDTTSLNTLPSRELSAGLAEVIKYGLICDEPFLTWLEENVDRLRALDQQALTYAIERSCAAKAAVVGADERESGVRATLNLGHTFGHAIETHMGYGVWLHGEAVAAGTVMAHDVSRRLGWISAADRDRVIRLIARAGLPVTPPA-LTAERFVEHMAVDKKVLDGRLRLVLLEGLGKAVVTADVTKEVLQATLGKG---------,M--SQEGLVGSRLLTVIGSSALLLELASRSRLRPSLRRDLSSTWLWIRRYSTVVLGLSSWKDSVRRLLLRT-,-21.97487000000001,151.234536,0.7664
atgcaggatggcgagcgcagctacccgattcacattggtgaaggtctgttggaccagcccgagctgctggtgccgcatatcgccgggcggcaagtggcgatcatttccaatgagaccgtcgcgccgctttaccttgagcgtctgacccgcagcctggggcagttctcggtgatctcggtggttctgcccgatggcgaggcctacaagaactgggaaacgctgcagttgatcttcgatggcctgctcactgctcgccacgatcgacgcactaccatcatcgccctcggtggcggcgtgatcggtgatatggccggctttgccgcggcctgctaccagcggggcgtggatttcatccagattcctaccaccctcctgtcccaggtggactcttcggtgggtggcaagaccggtatcaaccacccgctgggcaagaacatggtcggcgccttctaccagccgaacgtggtgctgatcgataccaccagccttaacaccctgcccagccgcgagctgtcggcaggtctggcggaagtgatcaagtacggcctgatctgcgacgagcccttccttacctggctggaagagaacgtcgaccgcctgcgggccctggaccagcaggccctgacttacgccatcgagcgctcctgtgcggccaaggccgcggtggtgggtgccgacgaacgtgaatcgggagtgcgggccaccctcaacctggggcataccttcggccacgccatcgaaacccacatggggtacggtgtgtggctgcacggtgaggcggtggctgctggcaccgtaatggcccatGATGCCTCGAGGCTTTCAGGTAGAGGGTCGAGTGCTGAAGCTGAGAGGGTCATCTCGCTACTTAGTAGAGCTGGCCTCCCGACAACAAGTCCTAGCGCGAGCGCGGGGGACTTTAAAGAGGCGATGGCTGTGGATAAGAAGAGGAGATCGGGTTCTCTTAGGCTTGTCCTCCTTCGATCCATCGGAAGGTCTGATATTGTGGCGTCTCTGAcgaaagaggttttacaggccacgctgggaaaaggt,MQ----D-GERSYPIHIGEGLLDQPELLVPHIAGRQVAIISNETVAPLYLERLTRSLGQFSVISVVLPDGEAYKNWETLQLIFDGLLTARHDRRTTIIALGGGVIGDMAGFAAACYQRGVDFIQIPTTLLSQVDSSVGGKTGINHPLGKNMVGAFYQPNVVLIDTTSLNTLPSRELSAGLAEVIKYGLICDEPFLTWLEENVDRLRALDQQALTYAIERSCAAKAAVVGADERESGVRATLNLGHTFGHAIETHMGYGVWLHGEAVAAGTVMAHDASRLSGRGSSAEAERVISLLSRAGLPTTSPS-ASAGDFKEAMAVDKKRRSGSLRLVLLRSIGRSDIVASLTKEVLQATLGKG---------,M--PRGFQVEGRVLKLRGSSRYLVELASRQQVLARARGTLKRRWLWIRRGDRVLLGLSSFDPSEGLILWRL-,47.44779,44.688366,0.7664
atgcaggatggcgagcgcagctacccgattcacattggtgaaggtctgttggaccagcccgagctgctggtgccgcatatcgccgggcggcaagtggcgatcatttccaatgagaccgtcgcgccgctttaccttgagcgtctgacccgcagcctggggcagttctcggtgatctcggtggttctgcccgatggcgaggcctacaagaactgggaaacgctgcagttgatcttcgatggcctgctcactgctcgccacgatcgacgcactaccatcatcgccctcggtggcggcgtgatcggtgatatggccggctttgccgcggcctgctaccagcggggcgtggatttcatccagattcctaccaccctcctgtcccaggtggactcttcggtgggtggcaagaccggtatcaaccacccgctgggcaagaacatggtcggcgccttctaccagccgaacgtggtgctgatcgataccaccagccttaacaccctgcccagccgcgagctgtcggcaggtctggcggaagtgatcaagtacggcctgatctgcgacgagcccttccttacctggctggaagagaacgtcgaccgcctgcgggccctggaccagcaggccctgacttacgccatcgagcgctcctgtgcggccaaggccgcggtggtgggtgccgacgaacgtgaatcgggagtgcgggccaccctcaacctggggcataccttcggccacgccatcgaaacccacatggggtacggtgtgtggctgcacggtgaggcggtggctgctggcaccgtaatggcccatGATGTCTCAAGGAGGCTTGGTTGGATCTCGGCTGCTGAGCGTGATAGGGTCATCCGCCTTATTGCTAGAGCTGGCCTCCCAGTCACGCCGCCGGCCCTCAGTGCGGAGGACTTTGTCAGGCACATGGCTGTGGATAAAAAAGTACTCGACGGTCGTCTTAGGCTTGTCCTCCTTAAAGGACTCGGAGAGGCGGTTGTTACTGCGGACGTGAcgaaagaggttttacaggccacgctgggaaaaggt,MQ----D-GERSYPIHIGEGLLDQPELLVPHIAGRQVAIISNETVAPLYLERLTRSLGQFSVISVVLPDGEAYKNWETLQLIFDGLLTARHDRRTTIIALGGGVIGDMAGFAAACYQRGVDFIQIPTTLLSQVDSSVGGKTGINHPLGKNMVGAFYQPNVVLIDTTSLNTLPSRELSAGLAEVIKYGLICDEPFLTWLEENVDRLRALDQQALTYAIERSCAAKAAVVGADERESGVRATLNLGHTFGHAIETHMGYGVWLHGEAVAAGTVMAHDVSRRLGWISAAERDRVIRLIARAGLPVTPPA-LSAEDFVRHMAVDKKVLDGRLRLVLLKGLGEAVVTADVTKEVLQATLGKG---------,M--SQGGLVGSRLLSVIGSSALLLELASQSRRRPSVRRTLSGTWLWIKKYSTVVLGLSSLKDSERRLLLRT-,-23.291789999999992,147.526526,0.7664
atgcaggatggcgagcgcagctacccgattcacattggtgaaggtctgttggaccagcccgagctgctggtgccgcatatcgccgggcggcaagtggcgatcatttccaatgagaccgtcgcgccgctttaccttgagcgtctgacccgcagcctggggcagttctcggtgatctcggtggttctgcccgatggcgaggcctacaagaactgggaaacgctgcagttgatcttcgatggcctgctcactgctcgccacgatcgacgcactaccatcatcgccctcggtggcggcgtgatcggtgatatggccggctttgccgcggcctgctaccagcggggcgtggatttcatccagattcctaccaccctcctgtcccaggtggactcttcggtgggtggcaagaccggtatcaaccacccgctgggcaagaacatggtcggcgccttctaccagccgaacgtggtgctgatcgataccaccagccttaacaccctgcccagccgcgagctgtcggcaggtctggcggaagtgatcaagtacggcctgatctgcgacgagcccttccttacctggctggaagagaacgtcgaccgcctgcgggccctggaccagcaggccctgacttacgccatcgagcgctcctgtgcggccaaggccgcggtggtgggtgccgacgaacgtgaatcgggagtgcgggccaccctcaacctggggcataccttcggccacgccatcgaaacccacatggggtacggtgtgtggctgcacggtgaggcggtggctgctggcaccgtaatggcccatGATGCGTCAAGAAGGCTTGGTTGGCTGTCGGACGCTGAGCGTGATAGGGTCATCCGCCTACTTGAGCGAGCTGGCCTCCCGACAACGCCTCCGGCCCTCAGTGCGGACGACTTCCTCCGTCACATGGCTGTGGATAAGAAGGTACTCGACGGTCAGCTTAGGCTTGTCCTCCTTAAAGGCATCGGAGAGGCGGTTGTTACTGCGGACATAAcgaaagaggttttacaggccacgctgggaaaaggt,MQ----D-GERSYPIHIGEGLLDQPELLVPHIAGRQVAIISNETVAPLYLERLTRSLGQFSVISVVLPDGEAYKNWETLQLIFDGLLTARHDRRTTIIALGGGVIGDMAGFAAACYQRGVDFIQIPTTLLSQVDSSVGGKTGINHPLGKNMVGAFYQPNVVLIDTTSLNTLPSRELSAGLAEVIKYGLICDEPFLTWLEENVDRLRALDQQALTYAIERSCAAKAAVVGADERESGVRATLNLGHTFGHAIETHMGYGVWLHGEAVAAGTVMAHDASRRLGWLSDAERDRVIRLLERAGLPTTPPA-LSADDFLRHMAVDKKVLDGQLRLVLLKGIGEAVVTADITKEVLQATLGKG---------,M--RQEGLVGCRTLSVIGSSAYLSELASRQRLRPSVRTTSSVTWLWIRRYSTVSLGLSSLKASERRLLLRT-,-21.935879999999997,163.439346,0.7664
atgcaggatggcgagcgcagctacccgattcacattggtgaaggtctgttggaccagcccgagctgctggtgccgcatatcgccgggcggcaagtggcgatcatttccaatgagaccgtcgcgccgctttaccttgagcgtctgacccgcagcctggggcagttctcggtgatctcggtggttctgcccgatggcgaggcctacaagaactgggaaacgctgcagttgatcttcgatggcctgctcactgctcgccacgatcgacgcactaccatcatcgccctcggtggcggcgtgatcggtgatatggccggctttgccgcggcctgctaccagcggggcgtggatttcatccagattcctaccaccctcctgtcccaggtggactcttcggtgggtggcaagaccggtatcaaccacccgctgggcaagaacatggtcggcgccttctaccagccgaacgtggtgctgatcgataccaccagccttaacaccctgcccagccgcgagctgtcggcaggtctggcggaagtgatcaagtacggcctgatctgcgacgagcccttccttacctggctggaagagaacgtcgaccgcctgcgggccctggaccagcaggccctgacttacgccatcgagcgctcctgtgcggccaaggccgcggtggtgggtgccgacgaacgtgaatcgggagtgcgggccaccctcaacctggggcataccttcggccacgccatcgaaacccacatggggtacggtgtgtggctgcacggtgaggcggtggctgctggcaccgtaatggcccatGATGCCTCAAGGAGGCTTGGTTGGATCTCGGACGCTGACCGTGATAGGGTCATCCGCCTACTTGAGCGAGCTGGCCTCCCGGTTGTCCCTCCGGCCCTCAGTGCGGAGGACTTCCTCAGGCACATGGCTGTGGATAAGAAGGTCCTCGACGGTCGTCTTAGGCTTGTCCTCCTTCGACGACTCGGAGAGGCGGTTGTTACTGCGGACTTGAcgaaagaggttttacaggccacgctgggaaaaggt,MQ----D-GERSYPIHIGEGLLDQPELLVPHIAGRQVAIISNETVAPLYLERLTRSLGQFSVISVVLPDGEAYKNWETLQLIFDGLLTARHDRRTTIIALGGGVIGDMAGFAAACYQRGVDFIQIPTTLLSQVDSSVGGKTGINHPLGKNMVGAFYQPNVVLIDTTSLNTLPSRELSAGLAEVIKYGLICDEPFLTWLEENVDRLRALDQQALTYAIERSCAAKAAVVGADERESGVRATLNLGHTFGHAIETHMGYGVWLHGEAVAAGTVMAHDASRRLGWISDADRDRVIRLLERAGLPVVPPA-LSAEDFLRHMAVDKKVLDGRLRLVLLRRLGEAVVTADLTKEVLQATLGKG---------,M--PQGGLVGSRTLTVIGSSAYLSELASRLSLRPSVRRTSSGTWLWIRRSSTVVLGLSSFDDSERRLLLRT-,-23.173000000000002,155.745486,0.7664
atgcaggatggcgagcgcagctacccgattcacattggtgaaggtctgttggaccagcccgagctgctggtgccgcatatcgccgggcggcaagtggcgatcatttccaatgagaccgtcgcgccgctttaccttgagcgtctgacccgcagcctggggcagttctcggtgatctcggtggttctgcccgatggcgaggcctacaagaactgggaaacgctgcagttgatcttcgatggcctgctcactgctcgccacgatcgacgcactaccatcatcgccctcggtggcggcgtgatcggtgatatggccggctttgccgcggcctgctaccagcggggcgtggatttcatccagattcctaccaccctcctgtcccaggtggactcttcggtgggtggcaagaccggtatcaaccacccgctgggcaagaacatggtcggcgccttctaccagccgaacgtggtgctgatcgataccaccagccttaacaccctgcccagccgcgagctgtcggcaggtctggcggaagtgatcaagtacggcctgatctgcgacgagcccttccttacctggctggaagagaacgtcgaccgcctgcgggccctggaccagcaggccctgacttacgccatcgagcgctcctgtgcggccaaggccgcggtggtgggtgccgacgaacgtgaatcgggagtgcgggccaccctcaacctggggcataccttcggccacgccatcgaaacccacatggggtacggtgtgtggctgcacggtgaggcggtggctgctggcaccgtaatggcccatGATGTCTCAAGGAGGCTTGGTTGGCTGTCGAGTGCTGAGCGTGATAGGGTCATCCGCCTACTTGCTAGAGCTGGCCTCCCGGTCACGCCTCCGAGCCTCAGTGCGGAGCGCTTCCTCGAGCACATGGCTGTGGATAAGAAGGTACTCGACGGTCGTCTTAGGCTTGTCCTCCTTCAAGGACTCGGAAGGGCGGTTGTTACTGCGGACGTAAcgaaagaggttttacaggccacgctgggaaaaggt,MQ----D-GERSYPIHIGEGLLDQPELLVPHIAGRQVAIISNETVAPLYLERLTRSLGQFSVISVVLPDGEAYKNWETLQLIFDGLLTARHDRRTTIIALGGGVIGDMAGFAAACYQRGVDFIQIPTTLLSQVDSSVGGKTGINHPLGKNMVGAFYQPNVVLIDTTSLNTLPSRELSAGLAEVIKYGLICDEPFLTWLEENVDRLRALDQQALTYAIERSCAAKAAVVGADERESGVRATLNLGHTFGHAIETHMGYGVWLHGEAVAAGTVMAHDVSRRLGWLSSAERDRVIRLLARAGLPVTPPS-LSAERFLEHMAVDKKVLDGRLRLVLLQGLGRAVVTADVTKEVLQATLGKG---------,M--SQGGLVGCRVLSVIGSSAYLLELASRSRLRASVRSASSSTWLWIRRYSTVVLGLSSFKDSEGRLLLRT-,-17.139100000000013,121.81876600000001,0.7664
atgcaggatggcgagcgcagctacccgattcacattggtgaaggtctgttggaccagcccgagctgctggtgccgcatatcgccgggcggcaagtggcgatcatttccaatgagaccgtcgcgccgctttaccttgagcgtctgacccgcagcctggggcagttctcggtgatctcggtggttctgcccgatggcgaggcctacaagaactgggaaacgctgcagttgatcttcgatggcctgctcactgctcgccacgatcgacgcactaccatcatcgccctcggtggcggcgtgatcggtgatatggccggctttgccgcggcctgctaccagcggggcgtggatttcatccagattcctaccaccctcctgtcccaggtggactcttcggtgggtggcaagaccggtatcaaccacccgctgggcaagaacatggtcggcgccttctaccagccgaacgtggtgctgatcgataccaccagccttaacaccctgcccagccgcgagctgtcggcaggtctggcggaagtgatcaagtacggcctgatctgcgacgagcccttccttacctggctggaagagaacgtcgaccgcctgcgggccctggaccagcaggccctgacttacgccatcgagcgctcctgtgcggccaaggccgcggtggtgggtgccgacgaacgtgaatcgggagtgcgggccaccctcaacctggggcataccttcggccacgccatcgaaacccacatggggtacggtgtgtggctgcacggtgaggcggtggctgctggcaccgtaatggcccatGATGTCTCAAGGAGGCTTGGTTGGATCTCGGCTGCTGAGCGTGATAGGGTCATCCGCCTACTTGAGCGAGCTGGCCTCCCGGTCACGCCTCCGGCCATGGGCGCGGAGAGATTTATCGAGCACATGGCTGTGGATAAGAAAGTACTCGACGGTCGTCTTAGGCTTGTCCTCCTGGAAGGACTCGGTAAGGCGGTTGTTGTGGCGGACGTGAcgaaagaggttttacaggccacgctgggaaaaggt,MQ----D-GERSYPIHIGEGLLDQPELLVPHIAGRQVAIISNETVAPLYLERLTRSLGQFSVISVVLPDGEAYKNWETLQLIFDGLLTARHDRRTTIIALGGGVIGDMAGFAAACYQRGVDFIQIPTTLLSQVDSSVGGKTGINHPLGKNMVGAFYQPNVVLIDTTSLNTLPSRELSAGLAEVIKYGLICDEPFLTWLEENVDRLRALDQQALTYAIERSCAAKAAVVGADERESGVRATLNLGHTFGHAIETHMGYGVWLHGEAVAAGTVMAHDVSRRLGWISAAERDRVIRLLERAGLPVTPPA-MGAERFIEHMAVDKKVLDGRLRLVLLEGLGKAVVVADVTKEVLQATLGKG---------,M--SQGGLVGSRLLSVIGSSAYLSELASRSRLRPWARRDLSSTWLWIRKYSTVVLGLSSWKDSVRRLLWRT-,-24.128800000000012,148.673316,0.7664
atgcaggatggcgagcgcagctacccgattcacattggtgaaggtctgttggaccagcccgagctgctggtgccgcatatcgccgggcggcaagtggcgatcatttccaatgagaccgtcgcgccgctttaccttgagcgtctgacccgcagcctggggcagttctcggtgatctcggtggttctgcccgatggcgaggcctacaagaactgggaaacgctgcagttgatcttcgatggcctgctcactgctcgccacgatcgacgcactaccatcatcgccctcggtggcggcgtgatcggtgatatggccggctttgccgcggcctgctaccagcggggcgtggatttcatccagattcctaccaccctcctgtcccaggtggactcttcggtgggtggcaagaccggtatcaaccacccgctgggcaagaacatggtcggcgccttctaccagccgaacgtggtgctgatcgataccaccagccttaacaccctgcccagccgcgagctgtcggcaggtctggcggaagtgatcaagtacggcctgatctgcgacgagcccttccttacctggctggaagagaacgtcgaccgcctgcgggccctggaccagcaggccctgacttacgccatcgagcgctcctgtgcggccaaggccgcggtggtgggtgccgacgaacgtgaatcgggagtgcgggccaccctcaacctggggcataccttcggccacgccatcgaaacccacatggggtacggtgtgtggctgcacggtgaggcggtggctgctggcaccgtaatggcccatGATGTCAGCAGGAGGCTTGGTTGGCTGTCGAGTGCTGAGCGTGATAGGGTCATCCGTCTACTCGCTAGAGCTGGCCTCCCGGTCACGCCTCCGAGCATGGGCGCGGAGAGATTTATCGAGCACATGGCTGTGGATAAGAAGGTCCTCGACGGTCGTCTTAGGCTTGTCCTCCTTCGACGACTCGGTGAGGCGGTTGTTGTGGCGGACATGAcgaaagaggttttacaggccacgctgggaaaaggt,MQ----D-GERSYPIHIGEGLLDQPELLVPHIAGRQVAIISNETVAPLYLERLTRSLGQFSVISVVLPDGEAYKNWETLQLIFDGLLTARHDRRTTIIALGGGVIGDMAGFAAACYQRGVDFIQIPTTLLSQVDSSVGGKTGINHPLGKNMVGAFYQPNVVLIDTTSLNTLPSRELSAGLAEVIKYGLICDEPFLTWLEENVDRLRALDQQALTYAIERSCAAKAAVVGADERESGVRATLNLGHTFGHAIETHMGYGVWLHGEAVAAGTVMAHDVSRRLGWLSSAERDRVIRLLARAGLPVTPPS-MGAERFIEHMAVDKKVLDGRLRLVLLRRLGEAVVVADMTKEVLQATLGKG---------,M--SAGGLVGCRVLSVIGSSVYSLELASRSRLRAWARRDLSSTWLWIRRSSTVVLGLSSFDDSVRRLLWRT-,-16.279930000000007,121.360556,0.7664
